ISO-10303-21;
HEADER;
/* Generated by software containing ST-Developer
 * from STEP Tools, Inc. (www.steptools.com) 
 */

FILE_DESCRIPTION(
/* description */ (''),
/* implementation_level */ '2;1');

FILE_NAME(
/* name */ '',
/* time_stamp */ '2026-08-16T18:24:06+08:00',
/* author */ (''),
/* organization */ (''),
/* preprocessor_version */ 'ST-DEVELOPER v20.1',
/* originating_system */ 'Autodesk Translation Framework v15.8.0.0',
/* authorisation */ '');

FILE_SCHEMA (('AUTOMOTIVE_DESIGN { 1 0 10303 214 3 1 1 }'));
ENDSEC;

DATA;
#10=MECHANICAL_DESIGN_GEOMETRIC_PRESENTATION_REPRESENTATION('',(#13),#2734);
#11=SHAPE_REPRESENTATION_RELATIONSHIP('SRR','None',#2741,#12);
#12=ADVANCED_BREP_SHAPE_REPRESENTATION('',(#14),#2733);
#13=STYLED_ITEM('',(#2750),#14);
#14=MANIFOLD_SOLID_BREP('\X2\5361626351434EF6\X0\',#1493);
#15=FACE_BOUND('',#279,.T.);
#16=FACE_BOUND('',#294,.T.);
#17=SPHERICAL_SURFACE('',#1587,1.);
#18=B_SPLINE_SURFACE_WITH_KNOTS('',3,3,((#2295,#2296,#2297,#2298),(#2299,
#2300,#2301,#2302),(#2303,#2304,#2305,#2306),(#2307,#2308,#2309,#2310)),
 .UNSPECIFIED.,.F.,.F.,.F.,(4,4),(4,4),(0.,1.),(-0.401963719809058,0.401963719809058),
 .UNSPECIFIED.);
#19=B_SPLINE_SURFACE_WITH_KNOTS('',3,3,((#2361,#2362,#2363,#2364),(#2365,
#2366,#2367,#2368),(#2369,#2370,#2371,#2372),(#2373,#2374,#2375,#2376)),
 .UNSPECIFIED.,.F.,.F.,.F.,(4,4),(4,4),(0.,1.),(-0.401963719809059,0.401963719809058),
 .UNSPECIFIED.);
#20=B_SPLINE_SURFACE_WITH_KNOTS('',3,3,((#2403,#2404,#2405,#2406),(#2407,
#2408,#2409,#2410),(#2411,#2412,#2413,#2414),(#2415,#2416,#2417,#2418)),
 .UNSPECIFIED.,.F.,.F.,.F.,(4,4),(4,4),(0.,1.),(-0.401963719809058,0.401963719809058),
 .UNSPECIFIED.);
#21=B_SPLINE_SURFACE_WITH_KNOTS('',3,3,((#2445,#2446,#2447,#2448),(#2449,
#2450,#2451,#2452),(#2453,#2454,#2455,#2456),(#2457,#2458,#2459,#2460)),
 .UNSPECIFIED.,.F.,.F.,.F.,(4,4),(4,4),(0.,1.),(-0.401963719809058,0.401963719809058),
 .UNSPECIFIED.);
#22=B_SPLINE_SURFACE_WITH_KNOTS('',3,3,((#2648,#2649,#2650,#2651),(#2652,
#2653,#2654,#2655),(#2656,#2657,#2658,#2659),(#2660,#2661,#2662,#2663)),
 .UNSPECIFIED.,.F.,.F.,.F.,(4,4),(4,4),(0.,1.),(-1.96394166079957,-1.11370020868409),
 .UNSPECIFIED.);
#23=B_SPLINE_SURFACE_WITH_KNOTS('',3,3,((#2713,#2714,#2715,#2716),(#2717,
#2718,#2719,#2720),(#2721,#2722,#2723,#2724),(#2725,#2726,#2727,#2728)),
 .UNSPECIFIED.,.F.,.F.,.F.,(4,4),(4,4),(0.,1.),(-0.685042473527501,4.44018186454332E-14),
 .UNSPECIFIED.);
#24=CONICAL_SURFACE('',#1538,1.,0.785398163397448);
#25=CONICAL_SURFACE('',#1541,1.,0.785398163397448);
#26=CONICAL_SURFACE('',#1588,0.766987298107783,1.0471975511966);
#27=CONICAL_SURFACE('',#1592,0.766987298107783,1.0471975511966);
#28=CONICAL_SURFACE('',#1622,1.3,0.785398163397449);
#29=ELLIPSE('',#1533,1.4142135623731,1.);
#30=ELLIPSE('',#1537,2.82842712474621,2.);
#31=ELLIPSE('',#1550,1.29099444873581,1.);
#32=ELLIPSE('',#1551,1.45143607047182,1.2);
#33=ELLIPSE('',#1552,1.45143607047182,1.2);
#34=ELLIPSE('',#1553,1.29099444873581,1.);
#35=ELLIPSE('',#1554,1.45143607047182,1.2);
#36=ELLIPSE('',#1555,1.29099444873581,1.);
#37=ELLIPSE('',#1556,1.45143607047182,1.2);
#38=ELLIPSE('',#1557,1.29099444873581,1.);
#39=ELLIPSE('',#1559,2.68328157299975,1.2);
#40=ELLIPSE('',#1560,1.54919333848297,1.2);
#41=ELLIPSE('',#1561,2.68328157299975,1.2);
#42=ELLIPSE('',#1563,2.68328157299975,1.2);
#43=ELLIPSE('',#1564,1.54919333848297,1.2);
#44=ELLIPSE('',#1576,1.73205080756888,1.);
#45=ELLIPSE('',#1579,1.73205080756888,1.);
#46=ELLIPSE('',#1582,1.73205080756888,1.);
#47=ELLIPSE('',#1585,1.73205080756888,1.);
#48=ELLIPSE('',#1600,2.68328157299975,1.2);
#49=ELLIPSE('',#1601,1.54919333848297,1.2);
#50=ELLIPSE('',#1604,1.54919333848297,1.2);
#51=ELLIPSE('',#1612,2.3094010767585,2.);
#52=ELLIPSE('',#1624,2.82842712474619,2.);
#53=B_SPLINE_CURVE_WITH_KNOTS('',3,(#2140,#2141,#2142,#2143,#2144,#2145,
#2146,#2147),.UNSPECIFIED.,.F.,.F.,(4,2,2,4),(0.116874619454928,0.118036437058092,
0.148282104815147,0.149806188878284),.UNSPECIFIED.);
#54=B_SPLINE_CURVE_WITH_KNOTS('',3,(#2149,#2150,#2151,#2152,#2153,#2154),
 .UNSPECIFIED.,.F.,.F.,(4,2,4),(0.,0.0766615255774389,0.116874619757749),
 .UNSPECIFIED.);
#55=B_SPLINE_CURVE_WITH_KNOTS('',3,(#2231,#2232,#2233,#2234,#2235,#2236),
 .UNSPECIFIED.,.F.,.F.,(4,2,4),(0.272248444407472,0.29693339946033,0.387281195402035),
 .UNSPECIFIED.);
#56=B_SPLINE_CURVE_WITH_KNOTS('',3,(#2238,#2239,#2240,#2241,#2242,#2243,
#2244,#2245,#2246,#2247,#2248,#2249,#2250,#2251,#2252,#2253,#2254,#2255,
#2256,#2257,#2258,#2259),.UNSPECIFIED.,.F.,.F.,(4,3,3,3,3,3,3,4),(0.187809911623304,
0.206265112845206,0.21943115827431,0.23269710195014,0.239997814472986,0.253083163991128,
0.266576837782504,0.272248444407384),.UNSPECIFIED.);
#57=B_SPLINE_CURVE_WITH_KNOTS('',3,(#2315,#2316,#2317,#2318,#2319,#2320,
#2321,#2322,#2323,#2324,#2325,#2326,#2327,#2328,#2329,#2330,#2331,#2332,
#2333,#2334,#2335,#2336),.UNSPECIFIED.,.F.,.F.,(4,3,3,3,3,3,3,4),(-9.21036990458227E-5,
0.,0.00423999767906333,0.0059178062711005,0.0100727969905129,0.0118151582338074,
0.0157642262877242,0.0196720423045912),.UNSPECIFIED.);
#58=B_SPLINE_CURVE_WITH_KNOTS('',3,(#2339,#2340,#2341,#2342,#2343,#2344,
#2345,#2346,#2347,#2348,#2349,#2350,#2351,#2352,#2353,#2354,#2355,#2356,
#2357,#2358,#2359,#2360),.UNSPECIFIED.,.F.,.F.,(4,3,3,3,3,3,3,4),(0.,0.00394399947019495,
0.0078467998496929,0.0119964576858631,0.0137365826284226,0.0179711383189165,
0.0196467934626713,0.0197387789476699),.UNSPECIFIED.);
#59=B_SPLINE_CURVE_WITH_KNOTS('',3,(#2381,#2382,#2383,#2384,#2385,#2386,
#2387,#2388,#2389,#2390,#2391,#2392,#2393,#2394,#2395,#2396,#2397,#2398,
#2399,#2400,#2401,#2402),.UNSPECIFIED.,.F.,.F.,(4,3,3,3,3,3,3,4),(-9.21036990458338E-5,
0.,0.0042399976789948,0.00591780627110236,0.0100727969905243,0.0118151582338115,
0.0157642262877286,0.0196720423045982),.UNSPECIFIED.);
#60=B_SPLINE_CURVE_WITH_KNOTS('',3,(#2423,#2424,#2425,#2426,#2427,#2428,
#2429,#2430,#2431,#2432,#2433,#2434,#2435,#2436,#2437,#2438,#2439,#2440,
#2441,#2442,#2443,#2444),.UNSPECIFIED.,.F.,.F.,(4,3,3,3,3,3,3,4),(-9.2103699045891E-5,
0.,0.00423999767891292,0.00591780627110302,0.0100727969904775,0.011815158233815,
0.0157642262877964,0.0196720423046026),.UNSPECIFIED.);
#61=B_SPLINE_CURVE_WITH_KNOTS('',3,(#2619,#2620,#2621,#2622),
 .UNSPECIFIED.,.F.,.F.,(4,4),(-0.0272083746083093,0.),.UNSPECIFIED.);
#62=B_SPLINE_CURVE_WITH_KNOTS('',3,(#2631,#2632,#2633,#2634),
 .UNSPECIFIED.,.F.,.F.,(4,4),(1.11370020868409,1.92448555500539),
 .UNSPECIFIED.);
#63=B_SPLINE_CURVE_WITH_KNOTS('',3,(#2637,#2638,#2639,#2640),
 .UNSPECIFIED.,.F.,.F.,(4,4),(0.209481318821262,0.685042473527501),
 .UNSPECIFIED.);
#64=B_SPLINE_CURVE_WITH_KNOTS('',3,(#2664,#2665,#2666,#2667),
 .UNSPECIFIED.,.F.,.F.,(4,4),(-0.00276561190007122,0.),.UNSPECIFIED.);
#65=CYLINDRICAL_SURFACE('',#1513,0.2);
#66=CYLINDRICAL_SURFACE('',#1516,0.2);
#67=CYLINDRICAL_SURFACE('',#1525,0.2);
#68=CYLINDRICAL_SURFACE('',#1532,1.);
#69=CYLINDRICAL_SURFACE('',#1545,1.2);
#70=CYLINDRICAL_SURFACE('',#1548,1.2);
#71=CYLINDRICAL_SURFACE('',#1558,1.2);
#72=CYLINDRICAL_SURFACE('',#1562,1.2);
#73=CYLINDRICAL_SURFACE('',#1568,0.2);
#74=CYLINDRICAL_SURFACE('',#1575,1.);
#75=CYLINDRICAL_SURFACE('',#1578,1.);
#76=CYLINDRICAL_SURFACE('',#1581,1.);
#77=CYLINDRICAL_SURFACE('',#1584,1.);
#78=CYLINDRICAL_SURFACE('',#1599,1.2);
#79=CYLINDRICAL_SURFACE('',#1603,1.2);
#80=CYLINDRICAL_SURFACE('',#1606,1.2);
#81=CYLINDRICAL_SURFACE('',#1609,1.2);
#82=CYLINDRICAL_SURFACE('',#1619,0.7);
#83=CYLINDRICAL_SURFACE('',#1625,2.);
#84=CYLINDRICAL_SURFACE('',#1631,1.);
#85=CYLINDRICAL_SURFACE('',#1633,2.);
#86=CYLINDRICAL_SURFACE('',#1634,0.7);
#87=CYLINDRICAL_SURFACE('',#1638,2.);
#88=CYLINDRICAL_SURFACE('',#1640,0.7);
#89=CIRCLE('',#1510,0.2);
#90=CIRCLE('',#1511,0.2);
#91=CIRCLE('',#1512,1.);
#92=CIRCLE('',#1514,0.2);
#93=CIRCLE('',#1517,0.2);
#94=CIRCLE('',#1521,1.);
#95=CIRCLE('',#1522,0.2);
#96=CIRCLE('',#1523,0.2);
#97=CIRCLE('',#1526,0.2);
#98=CIRCLE('',#1528,0.7);
#99=CIRCLE('',#1529,2.);
#100=CIRCLE('',#1530,0.8);
#101=CIRCLE('',#1531,0.8);
#102=CIRCLE('',#1539,1.2);
#103=CIRCLE('',#1542,1.2);
#104=CIRCLE('',#1546,1.2);
#105=CIRCLE('',#1549,1.2);
#106=CIRCLE('',#1567,1.9);
#107=CIRCLE('',#1569,0.2);
#108=CIRCLE('',#1577,1.);
#109=CIRCLE('',#1580,1.);
#110=CIRCLE('',#1583,1.);
#111=CIRCLE('',#1586,1.);
#112=CIRCLE('',#1589,1.2);
#113=CIRCLE('',#1590,0.333974596215566);
#114=CIRCLE('',#1593,1.2);
#115=CIRCLE('',#1594,0.333974596215566);
#116=CIRCLE('',#1607,1.2);
#117=CIRCLE('',#1610,1.2);
#118=CIRCLE('',#1614,0.7);
#119=CIRCLE('',#1615,2.);
#120=CIRCLE('',#1620,0.7);
#121=CIRCLE('',#1621,0.7);
#122=CIRCLE('',#1626,2.);
#123=CIRCLE('',#1628,2.);
#124=CIRCLE('',#1629,0.7);
#125=CIRCLE('',#1632,1.);
#126=CIRCLE('',#1639,2.);
#127=CIRCLE('',#1641,0.7);
#128=FACE_OUTER_BOUND('',#211,.T.);
#129=FACE_OUTER_BOUND('',#212,.T.);
#130=FACE_OUTER_BOUND('',#213,.T.);
#131=FACE_OUTER_BOUND('',#214,.T.);
#132=FACE_OUTER_BOUND('',#215,.T.);
#133=FACE_OUTER_BOUND('',#216,.T.);
#134=FACE_OUTER_BOUND('',#217,.T.);
#135=FACE_OUTER_BOUND('',#218,.T.);
#136=FACE_OUTER_BOUND('',#219,.T.);
#137=FACE_OUTER_BOUND('',#220,.T.);
#138=FACE_OUTER_BOUND('',#221,.T.);
#139=FACE_OUTER_BOUND('',#222,.T.);
#140=FACE_OUTER_BOUND('',#223,.T.);
#141=FACE_OUTER_BOUND('',#224,.T.);
#142=FACE_OUTER_BOUND('',#225,.T.);
#143=FACE_OUTER_BOUND('',#226,.T.);
#144=FACE_OUTER_BOUND('',#227,.T.);
#145=FACE_OUTER_BOUND('',#228,.T.);
#146=FACE_OUTER_BOUND('',#229,.T.);
#147=FACE_OUTER_BOUND('',#230,.T.);
#148=FACE_OUTER_BOUND('',#231,.T.);
#149=FACE_OUTER_BOUND('',#232,.T.);
#150=FACE_OUTER_BOUND('',#233,.T.);
#151=FACE_OUTER_BOUND('',#234,.T.);
#152=FACE_OUTER_BOUND('',#235,.T.);
#153=FACE_OUTER_BOUND('',#236,.T.);
#154=FACE_OUTER_BOUND('',#237,.T.);
#155=FACE_OUTER_BOUND('',#238,.T.);
#156=FACE_OUTER_BOUND('',#239,.T.);
#157=FACE_OUTER_BOUND('',#240,.T.);
#158=FACE_OUTER_BOUND('',#241,.T.);
#159=FACE_OUTER_BOUND('',#242,.T.);
#160=FACE_OUTER_BOUND('',#243,.T.);
#161=FACE_OUTER_BOUND('',#244,.T.);
#162=FACE_OUTER_BOUND('',#245,.T.);
#163=FACE_OUTER_BOUND('',#246,.T.);
#164=FACE_OUTER_BOUND('',#247,.T.);
#165=FACE_OUTER_BOUND('',#248,.T.);
#166=FACE_OUTER_BOUND('',#249,.T.);
#167=FACE_OUTER_BOUND('',#250,.T.);
#168=FACE_OUTER_BOUND('',#251,.T.);
#169=FACE_OUTER_BOUND('',#252,.T.);
#170=FACE_OUTER_BOUND('',#253,.T.);
#171=FACE_OUTER_BOUND('',#254,.T.);
#172=FACE_OUTER_BOUND('',#255,.T.);
#173=FACE_OUTER_BOUND('',#256,.T.);
#174=FACE_OUTER_BOUND('',#257,.T.);
#175=FACE_OUTER_BOUND('',#258,.T.);
#176=FACE_OUTER_BOUND('',#259,.T.);
#177=FACE_OUTER_BOUND('',#260,.T.);
#178=FACE_OUTER_BOUND('',#261,.T.);
#179=FACE_OUTER_BOUND('',#262,.T.);
#180=FACE_OUTER_BOUND('',#263,.T.);
#181=FACE_OUTER_BOUND('',#264,.T.);
#182=FACE_OUTER_BOUND('',#265,.T.);
#183=FACE_OUTER_BOUND('',#266,.T.);
#184=FACE_OUTER_BOUND('',#267,.T.);
#185=FACE_OUTER_BOUND('',#268,.T.);
#186=FACE_OUTER_BOUND('',#269,.T.);
#187=FACE_OUTER_BOUND('',#270,.T.);
#188=FACE_OUTER_BOUND('',#271,.T.);
#189=FACE_OUTER_BOUND('',#272,.T.);
#190=FACE_OUTER_BOUND('',#273,.T.);
#191=FACE_OUTER_BOUND('',#274,.T.);
#192=FACE_OUTER_BOUND('',#275,.T.);
#193=FACE_OUTER_BOUND('',#276,.T.);
#194=FACE_OUTER_BOUND('',#277,.T.);
#195=FACE_OUTER_BOUND('',#278,.T.);
#196=FACE_OUTER_BOUND('',#280,.T.);
#197=FACE_OUTER_BOUND('',#281,.T.);
#198=FACE_OUTER_BOUND('',#282,.T.);
#199=FACE_OUTER_BOUND('',#283,.T.);
#200=FACE_OUTER_BOUND('',#284,.T.);
#201=FACE_OUTER_BOUND('',#285,.T.);
#202=FACE_OUTER_BOUND('',#286,.T.);
#203=FACE_OUTER_BOUND('',#287,.T.);
#204=FACE_OUTER_BOUND('',#288,.T.);
#205=FACE_OUTER_BOUND('',#289,.T.);
#206=FACE_OUTER_BOUND('',#290,.T.);
#207=FACE_OUTER_BOUND('',#291,.T.);
#208=FACE_OUTER_BOUND('',#292,.T.);
#209=FACE_OUTER_BOUND('',#293,.T.);
#210=FACE_OUTER_BOUND('',#295,.T.);
#211=EDGE_LOOP('',(#931,#932,#933,#934));
#212=EDGE_LOOP('',(#935,#936,#937,#938,#939,#940,#941,#942,#943,#944,#945,
#946,#947,#948));
#213=EDGE_LOOP('',(#949,#950,#951,#952,#953,#954,#955,#956,#957));
#214=EDGE_LOOP('',(#958,#959,#960,#961));
#215=EDGE_LOOP('',(#962,#963,#964,#965));
#216=EDGE_LOOP('',(#966,#967,#968,#969));
#217=EDGE_LOOP('',(#970,#971,#972,#973,#974,#975,#976));
#218=EDGE_LOOP('',(#977,#978,#979,#980,#981,#982,#983,#984,#985,#986,#987,
#988,#989,#990,#991));
#219=EDGE_LOOP('',(#992,#993,#994,#995,#996,#997,#998,#999,#1000));
#220=EDGE_LOOP('',(#1001,#1002,#1003,#1004));
#221=EDGE_LOOP('',(#1005,#1006,#1007,#1008));
#222=EDGE_LOOP('',(#1009,#1010,#1011,#1012,#1013,#1014,#1015,#1016,#1017,
#1018,#1019));
#223=EDGE_LOOP('',(#1020,#1021,#1022,#1023));
#224=EDGE_LOOP('',(#1024,#1025,#1026,#1027,#1028,#1029,#1030));
#225=EDGE_LOOP('',(#1031,#1032,#1033,#1034));
#226=EDGE_LOOP('',(#1035,#1036,#1037,#1038));
#227=EDGE_LOOP('',(#1039,#1040,#1041,#1042));
#228=EDGE_LOOP('',(#1043,#1044,#1045,#1046));
#229=EDGE_LOOP('',(#1047,#1048,#1049,#1050));
#230=EDGE_LOOP('',(#1051,#1052,#1053,#1054));
#231=EDGE_LOOP('',(#1055,#1056,#1057,#1058));
#232=EDGE_LOOP('',(#1059,#1060,#1061,#1062));
#233=EDGE_LOOP('',(#1063,#1064,#1065,#1066));
#234=EDGE_LOOP('',(#1067,#1068,#1069,#1070));
#235=EDGE_LOOP('',(#1071,#1072,#1073,#1074));
#236=EDGE_LOOP('',(#1075,#1076,#1077,#1078));
#237=EDGE_LOOP('',(#1079,#1080,#1081,#1082));
#238=EDGE_LOOP('',(#1083,#1084,#1085,#1086));
#239=EDGE_LOOP('',(#1087,#1088,#1089,#1090,#1091,#1092));
#240=EDGE_LOOP('',(#1093,#1094,#1095,#1096,#1097,#1098));
#241=EDGE_LOOP('',(#1099,#1100,#1101,#1102));
#242=EDGE_LOOP('',(#1103,#1104,#1105,#1106,#1107,#1108));
#243=EDGE_LOOP('',(#1109,#1110,#1111,#1112));
#244=EDGE_LOOP('',(#1113,#1114,#1115,#1116));
#245=EDGE_LOOP('',(#1117,#1118,#1119));
#246=EDGE_LOOP('',(#1120,#1121,#1122));
#247=EDGE_LOOP('',(#1123,#1124,#1125));
#248=EDGE_LOOP('',(#1126,#1127,#1128));
#249=EDGE_LOOP('',(#1129,#1130,#1131,#1132));
#250=EDGE_LOOP('',(#1133,#1134,#1135,#1136));
#251=EDGE_LOOP('',(#1137,#1138,#1139,#1140));
#252=EDGE_LOOP('',(#1141,#1142,#1143,#1144));
#253=EDGE_LOOP('',(#1145,#1146,#1147,#1148));
#254=EDGE_LOOP('',(#1149,#1150,#1151,#1152));
#255=EDGE_LOOP('',(#1153,#1154,#1155,#1156));
#256=EDGE_LOOP('',(#1157,#1158,#1159,#1160));
#257=EDGE_LOOP('',(#1161,#1162,#1163,#1164));
#258=EDGE_LOOP('',(#1165,#1166,#1167,#1168));
#259=EDGE_LOOP('',(#1169,#1170,#1171));
#260=EDGE_LOOP('',(#1172,#1173,#1174));
#261=EDGE_LOOP('',(#1175,#1176,#1177,#1178,#1179,#1180));
#262=EDGE_LOOP('',(#1181,#1182,#1183));
#263=EDGE_LOOP('',(#1184,#1185,#1186,#1187,#1188,#1189));
#264=EDGE_LOOP('',(#1190,#1191,#1192));
#265=EDGE_LOOP('',(#1193,#1194,#1195,#1196));
#266=EDGE_LOOP('',(#1197,#1198,#1199,#1200));
#267=EDGE_LOOP('',(#1201,#1202,#1203,#1204));
#268=EDGE_LOOP('',(#1205,#1206,#1207,#1208));
#269=EDGE_LOOP('',(#1209,#1210,#1211,#1212,#1213,#1214,#1215,#1216,#1217,
#1218));
#270=EDGE_LOOP('',(#1219,#1220,#1221,#1222,#1223));
#271=EDGE_LOOP('',(#1224,#1225,#1226,#1227,#1228));
#272=EDGE_LOOP('',(#1229,#1230,#1231));
#273=EDGE_LOOP('',(#1232,#1233,#1234,#1235,#1236,#1237));
#274=EDGE_LOOP('',(#1238,#1239,#1240,#1241));
#275=EDGE_LOOP('',(#1242,#1243,#1244,#1245));
#276=EDGE_LOOP('',(#1246,#1247,#1248,#1249,#1250,#1251));
#277=EDGE_LOOP('',(#1252,#1253,#1254,#1255,#1256));
#278=EDGE_LOOP('',(#1257,#1258,#1259,#1260,#1261,#1262,#1263,#1264,#1265,
#1266,#1267));
#279=EDGE_LOOP('',(#1268,#1269,#1270,#1271,#1272,#1273,#1274,#1275));
#280=EDGE_LOOP('',(#1276,#1277,#1278,#1279));
#281=EDGE_LOOP('',(#1280,#1281,#1282,#1283));
#282=EDGE_LOOP('',(#1284,#1285,#1286,#1287,#1288));
#283=EDGE_LOOP('',(#1289,#1290,#1291,#1292));
#284=EDGE_LOOP('',(#1293,#1294,#1295,#1296));
#285=EDGE_LOOP('',(#1297,#1298,#1299,#1300,#1301));
#286=EDGE_LOOP('',(#1302,#1303,#1304,#1305));
#287=EDGE_LOOP('',(#1306,#1307,#1308,#1309,#1310));
#288=EDGE_LOOP('',(#1311,#1312,#1313,#1314));
#289=EDGE_LOOP('',(#1315,#1316,#1317,#1318));
#290=EDGE_LOOP('',(#1319,#1320,#1321,#1322,#1323));
#291=EDGE_LOOP('',(#1324,#1325,#1326,#1327));
#292=EDGE_LOOP('',(#1328,#1329,#1330,#1331,#1332,#1333));
#293=EDGE_LOOP('',(#1334,#1335,#1336,#1337,#1338,#1339,#1340,#1341,#1342));
#294=EDGE_LOOP('',(#1343,#1344,#1345,#1346,#1347,#1348,#1349,#1350));
#295=EDGE_LOOP('',(#1351,#1352,#1353,#1354,#1355,#1356,#1357,#1358,#1359,
#1360,#1361,#1362));
#296=LINE('',#2074,#437);
#297=LINE('',#2076,#438);
#298=LINE('',#2078,#439);
#299=LINE('',#2079,#440);
#300=LINE('',#2082,#441);
#301=LINE('',#2084,#442);
#302=LINE('',#2086,#443);
#303=LINE('',#2088,#444);
#304=LINE('',#2090,#445);
#305=LINE('',#2092,#446);
#306=LINE('',#2094,#447);
#307=LINE('',#2096,#448);
#308=LINE('',#2098,#449);
#309=LINE('',#2100,#450);
#310=LINE('',#2102,#451);
#311=LINE('',#2104,#452);
#312=LINE('',#2105,#453);
#313=LINE('',#2108,#454);
#314=LINE('',#2110,#455);
#315=LINE('',#2114,#456);
#316=LINE('',#2118,#457);
#317=LINE('',#2122,#458);
#318=LINE('',#2125,#459);
#319=LINE('',#2128,#460);
#320=LINE('',#2129,#461);
#321=LINE('',#2132,#462);
#322=LINE('',#2136,#463);
#323=LINE('',#2138,#464);
#324=LINE('',#2155,#465);
#325=LINE('',#2158,#466);
#326=LINE('',#2160,#467);
#327=LINE('',#2162,#468);
#328=LINE('',#2164,#469);
#329=LINE('',#2166,#470);
#330=LINE('',#2168,#471);
#331=LINE('',#2170,#472);
#332=LINE('',#2172,#473);
#333=LINE('',#2174,#474);
#334=LINE('',#2176,#475);
#335=LINE('',#2178,#476);
#336=LINE('',#2179,#477);
#337=LINE('',#2184,#478);
#338=LINE('',#2188,#479);
#339=LINE('',#2191,#480);
#340=LINE('',#2194,#481);
#341=LINE('',#2195,#482);
#342=LINE('',#2198,#483);
#343=LINE('',#2203,#484);
#344=LINE('',#2205,#485);
#345=LINE('',#2207,#486);
#346=LINE('',#2209,#487);
#347=LINE('',#2215,#488);
#348=LINE('',#2219,#489);
#349=LINE('',#2222,#490);
#350=LINE('',#2225,#491);
#351=LINE('',#2229,#492);
#352=LINE('',#2260,#493);
#353=LINE('',#2262,#494);
#354=LINE('',#2263,#495);
#355=LINE('',#2266,#496);
#356=LINE('',#2269,#497);
#357=LINE('',#2273,#498);
#358=LINE('',#2274,#499);
#359=LINE('',#2277,#500);
#360=LINE('',#2280,#501);
#361=LINE('',#2283,#502);
#362=LINE('',#2284,#503);
#363=LINE('',#2287,#504);
#364=LINE('',#2291,#505);
#365=LINE('',#2292,#506);
#366=LINE('',#2467,#507);
#367=LINE('',#2471,#508);
#368=LINE('',#2477,#509);
#369=LINE('',#2480,#510);
#370=LINE('',#2486,#511);
#371=LINE('',#2489,#512);
#372=LINE('',#2491,#513);
#373=LINE('',#2495,#514);
#374=LINE('',#2497,#515);
#375=LINE('',#2498,#516);
#376=LINE('',#2502,#517);
#377=LINE('',#2504,#518);
#378=LINE('',#2505,#519);
#379=LINE('',#2509,#520);
#380=LINE('',#2511,#521);
#381=LINE('',#2512,#522);
#382=LINE('',#2516,#523);
#383=LINE('',#2518,#524);
#384=LINE('',#2519,#525);
#385=LINE('',#2535,#526);
#386=LINE('',#2539,#527);
#387=LINE('',#2543,#528);
#388=LINE('',#2545,#529);
#389=LINE('',#2546,#530);
#390=LINE('',#2551,#531);
#391=LINE('',#2555,#532);
#392=LINE('',#2556,#533);
#393=LINE('',#2557,#534);
#394=LINE('',#2560,#535);
#395=LINE('',#2561,#536);
#396=LINE('',#2564,#537);
#397=LINE('',#2565,#538);
#398=LINE('',#2569,#539);
#399=LINE('',#2571,#540);
#400=LINE('',#2572,#541);
#401=LINE('',#2578,#542);
#402=LINE('',#2579,#543);
#403=LINE('',#2583,#544);
#404=LINE('',#2587,#545);
#405=LINE('',#2590,#546);
#406=LINE('',#2591,#547);
#407=LINE('',#2596,#548);
#408=LINE('',#2600,#549);
#409=LINE('',#2602,#550);
#410=LINE('',#2604,#551);
#411=LINE('',#2610,#552);
#412=LINE('',#2611,#553);
#413=LINE('',#2614,#554);
#414=LINE('',#2616,#555);
#415=LINE('',#2618,#556);
#416=LINE('',#2624,#557);
#417=LINE('',#2629,#558);
#418=LINE('',#2642,#559);
#419=LINE('',#2643,#560);
#420=LINE('',#2647,#561);
#421=LINE('',#2676,#562);
#422=LINE('',#2678,#563);
#423=LINE('',#2679,#564);
#424=LINE('',#2682,#565);
#425=LINE('',#2683,#566);
#426=LINE('',#2687,#567);
#427=LINE('',#2689,#568);
#428=LINE('',#2691,#569);
#429=LINE('',#2693,#570);
#430=LINE('',#2698,#571);
#431=LINE('',#2702,#572);
#432=LINE('',#2705,#573);
#433=LINE('',#2706,#574);
#434=LINE('',#2709,#575);
#435=LINE('',#2710,#576);
#436=LINE('',#2712,#577);
#437=VECTOR('',#1651,10.);
#438=VECTOR('',#1652,10.);
#439=VECTOR('',#1653,10.);
#440=VECTOR('',#1654,10.);
#441=VECTOR('',#1657,10.);
#442=VECTOR('',#1658,10.);
#443=VECTOR('',#1659,10.);
#444=VECTOR('',#1660,10.);
#445=VECTOR('',#1661,10.);
#446=VECTOR('',#1662,10.);
#447=VECTOR('',#1663,10.);
#448=VECTOR('',#1664,10.);
#449=VECTOR('',#1665,10.);
#450=VECTOR('',#1666,10.);
#451=VECTOR('',#1667,10.);
#452=VECTOR('',#1668,10.);
#453=VECTOR('',#1669,10.);
#454=VECTOR('',#1672,10.);
#455=VECTOR('',#1673,10.);
#456=VECTOR('',#1676,10.);
#457=VECTOR('',#1679,10.);
#458=VECTOR('',#1684,10.);
#459=VECTOR('',#1687,10.);
#460=VECTOR('',#1690,10.);
#461=VECTOR('',#1691,10.);
#462=VECTOR('',#1694,10.);
#463=VECTOR('',#1699,10.);
#464=VECTOR('',#1700,10.);
#465=VECTOR('',#1701,10.);
#466=VECTOR('',#1704,10.);
#467=VECTOR('',#1705,10.);
#468=VECTOR('',#1706,10.);
#469=VECTOR('',#1707,10.);
#470=VECTOR('',#1708,10.);
#471=VECTOR('',#1709,10.);
#472=VECTOR('',#1710,10.);
#473=VECTOR('',#1711,10.);
#474=VECTOR('',#1712,10.);
#475=VECTOR('',#1713,10.);
#476=VECTOR('',#1714,10.);
#477=VECTOR('',#1715,10.);
#478=VECTOR('',#1720,10.);
#479=VECTOR('',#1723,10.);
#480=VECTOR('',#1726,10.);
#481=VECTOR('',#1729,10.);
#482=VECTOR('',#1730,10.);
#483=VECTOR('',#1733,10.);
#484=VECTOR('',#1738,10.);
#485=VECTOR('',#1739,10.);
#486=VECTOR('',#1740,10.);
#487=VECTOR('',#1741,10.);
#488=VECTOR('',#1746,10.);
#489=VECTOR('',#1749,10.);
#490=VECTOR('',#1752,10.);
#491=VECTOR('',#1755,10.);
#492=VECTOR('',#1760,10.);
#493=VECTOR('',#1761,10.);
#494=VECTOR('',#1764,10.);
#495=VECTOR('',#1765,10.);
#496=VECTOR('',#1770,10.);
#497=VECTOR('',#1773,10.);
#498=VECTOR('',#1778,10.);
#499=VECTOR('',#1779,10.);
#500=VECTOR('',#1782,10.);
#501=VECTOR('',#1787,10.);
#502=VECTOR('',#1790,10.);
#503=VECTOR('',#1791,10.);
#504=VECTOR('',#1794,10.);
#505=VECTOR('',#1799,10.);
#506=VECTOR('',#1800,10.);
#507=VECTOR('',#1825,10.);
#508=VECTOR('',#1828,10.);
#509=VECTOR('',#1835,10.);
#510=VECTOR('',#1838,10.);
#511=VECTOR('',#1847,10.);
#512=VECTOR('',#1850,10.);
#513=VECTOR('',#1853,10.);
#514=VECTOR('',#1856,10.);
#515=VECTOR('',#1857,10.);
#516=VECTOR('',#1858,10.);
#517=VECTOR('',#1861,10.);
#518=VECTOR('',#1862,10.);
#519=VECTOR('',#1863,10.);
#520=VECTOR('',#1866,10.);
#521=VECTOR('',#1867,10.);
#522=VECTOR('',#1868,10.);
#523=VECTOR('',#1871,10.);
#524=VECTOR('',#1872,10.);
#525=VECTOR('',#1873,10.);
#526=VECTOR('',#1902,10.);
#527=VECTOR('',#1905,10.);
#528=VECTOR('',#1910,10.);
#529=VECTOR('',#1911,10.);
#530=VECTOR('',#1912,10.);
#531=VECTOR('',#1917,10.);
#532=VECTOR('',#1922,10.);
#533=VECTOR('',#1923,10.);
#534=VECTOR('',#1924,10.);
#535=VECTOR('',#1927,10.);
#536=VECTOR('',#1928,10.);
#537=VECTOR('',#1931,10.);
#538=VECTOR('',#1932,10.);
#539=VECTOR('',#1935,10.);
#540=VECTOR('',#1936,10.);
#541=VECTOR('',#1937,10.);
#542=VECTOR('',#1946,10.);
#543=VECTOR('',#1947,10.);
#544=VECTOR('',#1954,10.);
#545=VECTOR('',#1959,10.);
#546=VECTOR('',#1962,10.);
#547=VECTOR('',#1963,10.);
#548=VECTOR('',#1970,10.);
#549=VECTOR('',#1975,10.);
#550=VECTOR('',#1976,10.);
#551=VECTOR('',#1977,10.);
#552=VECTOR('',#1984,10.);
#553=VECTOR('',#1985,10.);
#554=VECTOR('',#1988,10.);
#555=VECTOR('',#1989,10.);
#556=VECTOR('',#1990,10.);
#557=VECTOR('',#1993,10.);
#558=VECTOR('',#1998,2.);
#559=VECTOR('',#2003,10.);
#560=VECTOR('',#2004,10.);
#561=VECTOR('',#2009,10.);
#562=VECTOR('',#2020,10.);
#563=VECTOR('',#2021,10.);
#564=VECTOR('',#2022,10.);
#565=VECTOR('',#2025,10.);
#566=VECTOR('',#2026,10.);
#567=VECTOR('',#2033,2.);
#568=VECTOR('',#2036,10.);
#569=VECTOR('',#2039,10.);
#570=VECTOR('',#2042,10.);
#571=VECTOR('',#2049,10.);
#572=VECTOR('',#2054,10.);
#573=VECTOR('',#2057,10.);
#574=VECTOR('',#2058,10.);
#575=VECTOR('',#2061,10.);
#576=VECTOR('',#2062,10.);
#577=VECTOR('',#2065,10.);
#578=VERTEX_POINT('',#2072);
#579=VERTEX_POINT('',#2073);
#580=VERTEX_POINT('',#2075);
#581=VERTEX_POINT('',#2077);
#582=VERTEX_POINT('',#2081);
#583=VERTEX_POINT('',#2083);
#584=VERTEX_POINT('',#2085);
#585=VERTEX_POINT('',#2087);
#586=VERTEX_POINT('',#2089);
#587=VERTEX_POINT('',#2091);
#588=VERTEX_POINT('',#2093);
#589=VERTEX_POINT('',#2095);
#590=VERTEX_POINT('',#2097);
#591=VERTEX_POINT('',#2099);
#592=VERTEX_POINT('',#2101);
#593=VERTEX_POINT('',#2103);
#594=VERTEX_POINT('',#2107);
#595=VERTEX_POINT('',#2109);
#596=VERTEX_POINT('',#2111);
#597=VERTEX_POINT('',#2113);
#598=VERTEX_POINT('',#2115);
#599=VERTEX_POINT('',#2117);
#600=VERTEX_POINT('',#2121);
#601=VERTEX_POINT('',#2123);
#602=VERTEX_POINT('',#2127);
#603=VERTEX_POINT('',#2131);
#604=VERTEX_POINT('',#2135);
#605=VERTEX_POINT('',#2137);
#606=VERTEX_POINT('',#2139);
#607=VERTEX_POINT('',#2148);
#608=VERTEX_POINT('',#2157);
#609=VERTEX_POINT('',#2159);
#610=VERTEX_POINT('',#2161);
#611=VERTEX_POINT('',#2163);
#612=VERTEX_POINT('',#2165);
#613=VERTEX_POINT('',#2167);
#614=VERTEX_POINT('',#2169);
#615=VERTEX_POINT('',#2171);
#616=VERTEX_POINT('',#2173);
#617=VERTEX_POINT('',#2175);
#618=VERTEX_POINT('',#2177);
#619=VERTEX_POINT('',#2181);
#620=VERTEX_POINT('',#2183);
#621=VERTEX_POINT('',#2185);
#622=VERTEX_POINT('',#2187);
#623=VERTEX_POINT('',#2189);
#624=VERTEX_POINT('',#2193);
#625=VERTEX_POINT('',#2197);
#626=VERTEX_POINT('',#2201);
#627=VERTEX_POINT('',#2202);
#628=VERTEX_POINT('',#2204);
#629=VERTEX_POINT('',#2206);
#630=VERTEX_POINT('',#2208);
#631=VERTEX_POINT('',#2210);
#632=VERTEX_POINT('',#2212);
#633=VERTEX_POINT('',#2214);
#634=VERTEX_POINT('',#2216);
#635=VERTEX_POINT('',#2218);
#636=VERTEX_POINT('',#2220);
#637=VERTEX_POINT('',#2224);
#638=VERTEX_POINT('',#2228);
#639=VERTEX_POINT('',#2230);
#640=VERTEX_POINT('',#2237);
#641=VERTEX_POINT('',#2268);
#642=VERTEX_POINT('',#2272);
#643=VERTEX_POINT('',#2276);
#644=VERTEX_POINT('',#2282);
#645=VERTEX_POINT('',#2286);
#646=VERTEX_POINT('',#2290);
#647=VERTEX_POINT('',#2311);
#648=VERTEX_POINT('',#2312);
#649=VERTEX_POINT('',#2314);
#650=VERTEX_POINT('',#2337);
#651=VERTEX_POINT('',#2377);
#652=VERTEX_POINT('',#2379);
#653=VERTEX_POINT('',#2419);
#654=VERTEX_POINT('',#2421);
#655=VERTEX_POINT('',#2464);
#656=VERTEX_POINT('',#2466);
#657=VERTEX_POINT('',#2468);
#658=VERTEX_POINT('',#2470);
#659=VERTEX_POINT('',#2474);
#660=VERTEX_POINT('',#2476);
#661=VERTEX_POINT('',#2478);
#662=VERTEX_POINT('',#2485);
#663=VERTEX_POINT('',#2487);
#664=VERTEX_POINT('',#2493);
#665=VERTEX_POINT('',#2494);
#666=VERTEX_POINT('',#2496);
#667=VERTEX_POINT('',#2500);
#668=VERTEX_POINT('',#2501);
#669=VERTEX_POINT('',#2503);
#670=VERTEX_POINT('',#2507);
#671=VERTEX_POINT('',#2508);
#672=VERTEX_POINT('',#2510);
#673=VERTEX_POINT('',#2514);
#674=VERTEX_POINT('',#2515);
#675=VERTEX_POINT('',#2517);
#676=VERTEX_POINT('',#2534);
#677=VERTEX_POINT('',#2536);
#678=VERTEX_POINT('',#2538);
#679=VERTEX_POINT('',#2542);
#680=VERTEX_POINT('',#2544);
#681=VERTEX_POINT('',#2548);
#682=VERTEX_POINT('',#2550);
#683=VERTEX_POINT('',#2554);
#684=VERTEX_POINT('',#2559);
#685=VERTEX_POINT('',#2563);
#686=VERTEX_POINT('',#2567);
#687=VERTEX_POINT('',#2568);
#688=VERTEX_POINT('',#2570);
#689=VERTEX_POINT('',#2577);
#690=VERTEX_POINT('',#2585);
#691=VERTEX_POINT('',#2589);
#692=VERTEX_POINT('',#2595);
#693=VERTEX_POINT('',#2599);
#694=VERTEX_POINT('',#2601);
#695=VERTEX_POINT('',#2603);
#696=VERTEX_POINT('',#2605);
#697=VERTEX_POINT('',#2609);
#698=VERTEX_POINT('',#2613);
#699=VERTEX_POINT('',#2615);
#700=VERTEX_POINT('',#2617);
#701=VERTEX_POINT('',#2626);
#702=VERTEX_POINT('',#2628);
#703=VERTEX_POINT('',#2630);
#704=VERTEX_POINT('',#2635);
#705=VERTEX_POINT('',#2645);
#706=VERTEX_POINT('',#2671);
#707=VERTEX_POINT('',#2673);
#708=VERTEX_POINT('',#2675);
#709=VERTEX_POINT('',#2677);
#710=VERTEX_POINT('',#2681);
#711=VERTEX_POINT('',#2696);
#712=VERTEX_POINT('',#2700);
#713=VERTEX_POINT('',#2704);
#714=VERTEX_POINT('',#2708);
#715=EDGE_CURVE('',#578,#579,#296,.T.);
#716=EDGE_CURVE('',#580,#578,#297,.T.);
#717=EDGE_CURVE('',#581,#580,#298,.T.);
#718=EDGE_CURVE('',#579,#581,#299,.T.);
#719=EDGE_CURVE('',#578,#582,#300,.T.);
#720=EDGE_CURVE('',#582,#583,#301,.T.);
#721=EDGE_CURVE('',#584,#583,#302,.T.);
#722=EDGE_CURVE('',#584,#585,#303,.T.);
#723=EDGE_CURVE('',#585,#586,#304,.T.);
#724=EDGE_CURVE('',#587,#586,#305,.T.);
#725=EDGE_CURVE('',#588,#587,#306,.T.);
#726=EDGE_CURVE('',#588,#589,#307,.T.);
#727=EDGE_CURVE('',#590,#589,#308,.T.);
#728=EDGE_CURVE('',#591,#590,#309,.T.);
#729=EDGE_CURVE('',#591,#592,#310,.T.);
#730=EDGE_CURVE('',#592,#593,#311,.T.);
#731=EDGE_CURVE('',#593,#580,#312,.T.);
#732=EDGE_CURVE('',#594,#579,#313,.T.);
#733=EDGE_CURVE('',#595,#594,#314,.T.);
#734=EDGE_CURVE('',#596,#595,#89,.T.);
#735=EDGE_CURVE('',#597,#596,#315,.T.);
#736=EDGE_CURVE('',#598,#597,#90,.T.);
#737=EDGE_CURVE('',#599,#598,#316,.T.);
#738=EDGE_CURVE('',#582,#599,#91,.T.);
#739=EDGE_CURVE('',#597,#600,#317,.T.);
#740=EDGE_CURVE('',#601,#600,#92,.T.);
#741=EDGE_CURVE('',#598,#601,#318,.T.);
#742=EDGE_CURVE('',#602,#596,#319,.T.);
#743=EDGE_CURVE('',#600,#602,#320,.T.);
#744=EDGE_CURVE('',#595,#603,#321,.T.);
#745=EDGE_CURVE('',#602,#603,#93,.T.);
#746=EDGE_CURVE('',#594,#604,#322,.T.);
#747=EDGE_CURVE('',#605,#604,#323,.T.);
#748=EDGE_CURVE('',#606,#605,#53,.T.);
#749=EDGE_CURVE('',#607,#606,#54,.T.);
#750=EDGE_CURVE('',#603,#607,#324,.T.);
#751=EDGE_CURVE('',#581,#608,#325,.T.);
#752=EDGE_CURVE('',#608,#609,#326,.T.);
#753=EDGE_CURVE('',#610,#609,#327,.T.);
#754=EDGE_CURVE('',#611,#610,#328,.T.);
#755=EDGE_CURVE('',#612,#611,#329,.T.);
#756=EDGE_CURVE('',#613,#612,#330,.T.);
#757=EDGE_CURVE('',#613,#614,#331,.T.);
#758=EDGE_CURVE('',#614,#615,#332,.T.);
#759=EDGE_CURVE('',#616,#615,#333,.T.);
#760=EDGE_CURVE('',#617,#616,#334,.T.);
#761=EDGE_CURVE('',#617,#618,#335,.T.);
#762=EDGE_CURVE('',#618,#604,#336,.T.);
#763=EDGE_CURVE('',#619,#593,#94,.T.);
#764=EDGE_CURVE('',#620,#619,#337,.T.);
#765=EDGE_CURVE('',#621,#620,#95,.T.);
#766=EDGE_CURVE('',#622,#621,#338,.T.);
#767=EDGE_CURVE('',#623,#622,#96,.T.);
#768=EDGE_CURVE('',#608,#623,#339,.T.);
#769=EDGE_CURVE('',#623,#624,#340,.T.);
#770=EDGE_CURVE('',#609,#624,#341,.T.);
#771=EDGE_CURVE('',#622,#625,#342,.T.);
#772=EDGE_CURVE('',#624,#625,#97,.T.);
#773=EDGE_CURVE('',#626,#627,#343,.T.);
#774=EDGE_CURVE('',#626,#628,#344,.T.);
#775=EDGE_CURVE('',#628,#629,#345,.T.);
#776=EDGE_CURVE('',#629,#630,#346,.T.);
#777=EDGE_CURVE('',#630,#631,#98,.T.);
#778=EDGE_CURVE('',#631,#632,#99,.T.);
#779=EDGE_CURVE('',#633,#632,#347,.T.);
#780=EDGE_CURVE('',#634,#633,#100,.T.);
#781=EDGE_CURVE('',#635,#634,#348,.T.);
#782=EDGE_CURVE('',#636,#635,#101,.T.);
#783=EDGE_CURVE('',#627,#636,#349,.T.);
#784=EDGE_CURVE('',#599,#637,#350,.T.);
#785=EDGE_CURVE('',#583,#637,#29,.T.);
#786=EDGE_CURVE('',#638,#601,#351,.T.);
#787=EDGE_CURVE('',#638,#639,#55,.F.);
#788=EDGE_CURVE('',#639,#640,#56,.F.);
#789=EDGE_CURVE('',#640,#637,#352,.F.);
#790=EDGE_CURVE('',#615,#626,#353,.F.);
#791=EDGE_CURVE('',#627,#616,#354,.T.);
#792=EDGE_CURVE('',#632,#587,#30,.F.);
#793=EDGE_CURVE('',#586,#633,#355,.T.);
#794=EDGE_CURVE('',#641,#634,#356,.T.);
#795=EDGE_CURVE('',#586,#641,#102,.T.);
#796=EDGE_CURVE('',#642,#635,#357,.T.);
#797=EDGE_CURVE('',#641,#642,#358,.T.);
#798=EDGE_CURVE('',#643,#636,#359,.T.);
#799=EDGE_CURVE('',#642,#643,#103,.T.);
#800=EDGE_CURVE('',#643,#616,#360,.T.);
#801=EDGE_CURVE('',#644,#643,#361,.T.);
#802=EDGE_CURVE('',#644,#617,#362,.T.);
#803=EDGE_CURVE('',#645,#642,#363,.T.);
#804=EDGE_CURVE('',#645,#644,#104,.T.);
#805=EDGE_CURVE('',#646,#641,#364,.T.);
#806=EDGE_CURVE('',#646,#645,#365,.T.);
#807=EDGE_CURVE('',#585,#646,#105,.T.);
#808=EDGE_CURVE('',#647,#648,#31,.T.);
#809=EDGE_CURVE('',#648,#649,#57,.T.);
#810=EDGE_CURVE('',#649,#650,#32,.T.);
#811=EDGE_CURVE('',#650,#647,#58,.T.);
#812=EDGE_CURVE('',#651,#649,#33,.T.);
#813=EDGE_CURVE('',#648,#652,#34,.T.);
#814=EDGE_CURVE('',#652,#651,#59,.T.);
#815=EDGE_CURVE('',#653,#651,#35,.T.);
#816=EDGE_CURVE('',#652,#654,#36,.T.);
#817=EDGE_CURVE('',#654,#653,#60,.T.);
#818=EDGE_CURVE('',#650,#653,#37,.T.);
#819=EDGE_CURVE('',#654,#647,#38,.T.);
#820=EDGE_CURVE('',#650,#655,#39,.T.);
#821=EDGE_CURVE('',#655,#656,#366,.T.);
#822=EDGE_CURVE('',#656,#657,#40,.F.);
#823=EDGE_CURVE('',#657,#658,#367,.T.);
#824=EDGE_CURVE('',#658,#653,#41,.T.);
#825=EDGE_CURVE('',#659,#649,#42,.T.);
#826=EDGE_CURVE('',#659,#660,#368,.T.);
#827=EDGE_CURVE('',#660,#661,#43,.F.);
#828=EDGE_CURVE('',#661,#655,#369,.T.);
#829=EDGE_CURVE('',#638,#607,#106,.T.);
#830=EDGE_CURVE('',#620,#662,#370,.T.);
#831=EDGE_CURVE('',#663,#662,#107,.T.);
#832=EDGE_CURVE('',#663,#621,#371,.T.);
#833=EDGE_CURVE('',#625,#663,#372,.T.);
#834=EDGE_CURVE('',#664,#665,#373,.T.);
#835=EDGE_CURVE('',#666,#664,#374,.T.);
#836=EDGE_CURVE('',#665,#666,#375,.T.);
#837=EDGE_CURVE('',#667,#668,#376,.T.);
#838=EDGE_CURVE('',#669,#667,#377,.T.);
#839=EDGE_CURVE('',#668,#669,#378,.T.);
#840=EDGE_CURVE('',#670,#671,#379,.T.);
#841=EDGE_CURVE('',#672,#670,#380,.T.);
#842=EDGE_CURVE('',#671,#672,#381,.T.);
#843=EDGE_CURVE('',#673,#674,#382,.T.);
#844=EDGE_CURVE('',#675,#673,#383,.T.);
#845=EDGE_CURVE('',#674,#675,#384,.T.);
#846=EDGE_CURVE('',#666,#672,#44,.T.);
#847=EDGE_CURVE('',#670,#665,#108,.F.);
#848=EDGE_CURVE('',#669,#664,#45,.T.);
#849=EDGE_CURVE('',#665,#668,#109,.T.);
#850=EDGE_CURVE('',#674,#667,#46,.T.);
#851=EDGE_CURVE('',#668,#673,#110,.F.);
#852=EDGE_CURVE('',#671,#675,#47,.T.);
#853=EDGE_CURVE('',#673,#670,#111,.T.);
#854=EDGE_CURVE('',#590,#676,#385,.T.);
#855=EDGE_CURVE('',#590,#677,#112,.T.);
#856=EDGE_CURVE('',#677,#678,#386,.T.);
#857=EDGE_CURVE('',#678,#676,#113,.T.);
#858=EDGE_CURVE('',#677,#679,#387,.T.);
#859=EDGE_CURVE('',#679,#680,#388,.T.);
#860=EDGE_CURVE('',#680,#678,#389,.T.);
#861=EDGE_CURVE('',#679,#681,#114,.T.);
#862=EDGE_CURVE('',#681,#682,#390,.T.);
#863=EDGE_CURVE('',#682,#680,#115,.T.);
#864=EDGE_CURVE('',#683,#682,#391,.T.);
#865=EDGE_CURVE('',#681,#612,#392,.T.);
#866=EDGE_CURVE('',#612,#683,#393,.T.);
#867=EDGE_CURVE('',#684,#681,#394,.T.);
#868=EDGE_CURVE('',#684,#613,#395,.T.);
#869=EDGE_CURVE('',#685,#659,#396,.T.);
#870=EDGE_CURVE('',#660,#685,#397,.T.);
#871=EDGE_CURVE('',#686,#687,#398,.T.);
#872=EDGE_CURVE('',#688,#686,#399,.T.);
#873=EDGE_CURVE('',#687,#688,#400,.T.);
#874=EDGE_CURVE('',#687,#651,#48,.T.);
#875=EDGE_CURVE('',#688,#685,#49,.F.);
#876=EDGE_CURVE('',#689,#657,#401,.T.);
#877=EDGE_CURVE('',#658,#689,#402,.T.);
#878=EDGE_CURVE('',#686,#689,#50,.T.);
#879=EDGE_CURVE('',#661,#656,#403,.T.);
#880=EDGE_CURVE('',#589,#690,#116,.T.);
#881=EDGE_CURVE('',#690,#677,#404,.T.);
#882=EDGE_CURVE('',#691,#690,#405,.T.);
#883=EDGE_CURVE('',#679,#691,#406,.T.);
#884=EDGE_CURVE('',#691,#684,#117,.T.);
#885=EDGE_CURVE('',#676,#692,#407,.T.);
#886=EDGE_CURVE('',#692,#591,#51,.T.);
#887=EDGE_CURVE('',#693,#683,#408,.T.);
#888=EDGE_CURVE('',#693,#694,#409,.T.);
#889=EDGE_CURVE('',#694,#695,#410,.T.);
#890=EDGE_CURVE('',#695,#696,#118,.T.);
#891=EDGE_CURVE('',#696,#692,#119,.T.);
#892=EDGE_CURVE('',#611,#697,#411,.T.);
#893=EDGE_CURVE('',#697,#693,#412,.T.);
#894=EDGE_CURVE('',#604,#698,#413,.T.);
#895=EDGE_CURVE('',#699,#618,#414,.T.);
#896=EDGE_CURVE('',#700,#699,#415,.T.);
#897=EDGE_CURVE('',#698,#700,#61,.T.);
#898=EDGE_CURVE('',#605,#698,#416,.T.);
#899=EDGE_CURVE('',#701,#699,#120,.T.);
#900=EDGE_CURVE('',#702,#701,#417,.T.);
#901=EDGE_CURVE('',#703,#702,#62,.T.);
#902=EDGE_CURVE('',#704,#703,#121,.T.);
#903=EDGE_CURVE('',#700,#704,#63,.T.);
#904=EDGE_CURVE('',#607,#704,#418,.T.);
#905=EDGE_CURVE('',#703,#638,#419,.T.);
#906=EDGE_CURVE('',#705,#583,#52,.T.);
#907=EDGE_CURVE('',#705,#640,#420,.T.);
#908=EDGE_CURVE('',#702,#705,#64,.T.);
#909=EDGE_CURVE('',#584,#701,#122,.T.);
#910=EDGE_CURVE('',#588,#706,#123,.T.);
#911=EDGE_CURVE('',#706,#707,#124,.T.);
#912=EDGE_CURVE('',#707,#708,#421,.T.);
#913=EDGE_CURVE('',#709,#708,#422,.F.);
#914=EDGE_CURVE('',#709,#614,#423,.T.);
#915=EDGE_CURVE('',#619,#710,#424,.T.);
#916=EDGE_CURVE('',#662,#710,#425,.T.);
#917=EDGE_CURVE('',#710,#592,#125,.T.);
#918=EDGE_CURVE('',#631,#706,#426,.T.);
#919=EDGE_CURVE('',#630,#707,#427,.T.);
#920=EDGE_CURVE('',#708,#629,#428,.T.);
#921=EDGE_CURVE('',#628,#709,#429,.T.);
#922=EDGE_CURVE('',#711,#592,#126,.T.);
#923=EDGE_CURVE('',#696,#711,#430,.T.);
#924=EDGE_CURVE('',#712,#711,#127,.T.);
#925=EDGE_CURVE('',#695,#712,#431,.T.);
#926=EDGE_CURVE('',#713,#712,#432,.T.);
#927=EDGE_CURVE('',#694,#713,#433,.T.);
#928=EDGE_CURVE('',#714,#713,#434,.T.);
#929=EDGE_CURVE('',#697,#714,#435,.T.);
#930=EDGE_CURVE('',#610,#714,#436,.T.);
#931=ORIENTED_EDGE('',*,*,#715,.F.);
#932=ORIENTED_EDGE('',*,*,#716,.F.);
#933=ORIENTED_EDGE('',*,*,#717,.F.);
#934=ORIENTED_EDGE('',*,*,#718,.F.);
#935=ORIENTED_EDGE('',*,*,#716,.T.);
#936=ORIENTED_EDGE('',*,*,#719,.T.);
#937=ORIENTED_EDGE('',*,*,#720,.T.);
#938=ORIENTED_EDGE('',*,*,#721,.F.);
#939=ORIENTED_EDGE('',*,*,#722,.T.);
#940=ORIENTED_EDGE('',*,*,#723,.T.);
#941=ORIENTED_EDGE('',*,*,#724,.F.);
#942=ORIENTED_EDGE('',*,*,#725,.F.);
#943=ORIENTED_EDGE('',*,*,#726,.T.);
#944=ORIENTED_EDGE('',*,*,#727,.F.);
#945=ORIENTED_EDGE('',*,*,#728,.F.);
#946=ORIENTED_EDGE('',*,*,#729,.T.);
#947=ORIENTED_EDGE('',*,*,#730,.T.);
#948=ORIENTED_EDGE('',*,*,#731,.T.);
#949=ORIENTED_EDGE('',*,*,#715,.T.);
#950=ORIENTED_EDGE('',*,*,#732,.F.);
#951=ORIENTED_EDGE('',*,*,#733,.F.);
#952=ORIENTED_EDGE('',*,*,#734,.F.);
#953=ORIENTED_EDGE('',*,*,#735,.F.);
#954=ORIENTED_EDGE('',*,*,#736,.F.);
#955=ORIENTED_EDGE('',*,*,#737,.F.);
#956=ORIENTED_EDGE('',*,*,#738,.F.);
#957=ORIENTED_EDGE('',*,*,#719,.F.);
#958=ORIENTED_EDGE('',*,*,#736,.T.);
#959=ORIENTED_EDGE('',*,*,#739,.T.);
#960=ORIENTED_EDGE('',*,*,#740,.F.);
#961=ORIENTED_EDGE('',*,*,#741,.F.);
#962=ORIENTED_EDGE('',*,*,#735,.T.);
#963=ORIENTED_EDGE('',*,*,#742,.F.);
#964=ORIENTED_EDGE('',*,*,#743,.F.);
#965=ORIENTED_EDGE('',*,*,#739,.F.);
#966=ORIENTED_EDGE('',*,*,#734,.T.);
#967=ORIENTED_EDGE('',*,*,#744,.T.);
#968=ORIENTED_EDGE('',*,*,#745,.F.);
#969=ORIENTED_EDGE('',*,*,#742,.T.);
#970=ORIENTED_EDGE('',*,*,#733,.T.);
#971=ORIENTED_EDGE('',*,*,#746,.T.);
#972=ORIENTED_EDGE('',*,*,#747,.F.);
#973=ORIENTED_EDGE('',*,*,#748,.F.);
#974=ORIENTED_EDGE('',*,*,#749,.F.);
#975=ORIENTED_EDGE('',*,*,#750,.F.);
#976=ORIENTED_EDGE('',*,*,#744,.F.);
#977=ORIENTED_EDGE('',*,*,#718,.T.);
#978=ORIENTED_EDGE('',*,*,#751,.T.);
#979=ORIENTED_EDGE('',*,*,#752,.T.);
#980=ORIENTED_EDGE('',*,*,#753,.F.);
#981=ORIENTED_EDGE('',*,*,#754,.F.);
#982=ORIENTED_EDGE('',*,*,#755,.F.);
#983=ORIENTED_EDGE('',*,*,#756,.F.);
#984=ORIENTED_EDGE('',*,*,#757,.T.);
#985=ORIENTED_EDGE('',*,*,#758,.T.);
#986=ORIENTED_EDGE('',*,*,#759,.F.);
#987=ORIENTED_EDGE('',*,*,#760,.F.);
#988=ORIENTED_EDGE('',*,*,#761,.T.);
#989=ORIENTED_EDGE('',*,*,#762,.T.);
#990=ORIENTED_EDGE('',*,*,#746,.F.);
#991=ORIENTED_EDGE('',*,*,#732,.T.);
#992=ORIENTED_EDGE('',*,*,#717,.T.);
#993=ORIENTED_EDGE('',*,*,#731,.F.);
#994=ORIENTED_EDGE('',*,*,#763,.F.);
#995=ORIENTED_EDGE('',*,*,#764,.F.);
#996=ORIENTED_EDGE('',*,*,#765,.F.);
#997=ORIENTED_EDGE('',*,*,#766,.F.);
#998=ORIENTED_EDGE('',*,*,#767,.F.);
#999=ORIENTED_EDGE('',*,*,#768,.F.);
#1000=ORIENTED_EDGE('',*,*,#751,.F.);
#1001=ORIENTED_EDGE('',*,*,#768,.T.);
#1002=ORIENTED_EDGE('',*,*,#769,.T.);
#1003=ORIENTED_EDGE('',*,*,#770,.F.);
#1004=ORIENTED_EDGE('',*,*,#752,.F.);
#1005=ORIENTED_EDGE('',*,*,#767,.T.);
#1006=ORIENTED_EDGE('',*,*,#771,.T.);
#1007=ORIENTED_EDGE('',*,*,#772,.F.);
#1008=ORIENTED_EDGE('',*,*,#769,.F.);
#1009=ORIENTED_EDGE('',*,*,#773,.F.);
#1010=ORIENTED_EDGE('',*,*,#774,.T.);
#1011=ORIENTED_EDGE('',*,*,#775,.T.);
#1012=ORIENTED_EDGE('',*,*,#776,.T.);
#1013=ORIENTED_EDGE('',*,*,#777,.T.);
#1014=ORIENTED_EDGE('',*,*,#778,.T.);
#1015=ORIENTED_EDGE('',*,*,#779,.F.);
#1016=ORIENTED_EDGE('',*,*,#780,.F.);
#1017=ORIENTED_EDGE('',*,*,#781,.F.);
#1018=ORIENTED_EDGE('',*,*,#782,.F.);
#1019=ORIENTED_EDGE('',*,*,#783,.F.);
#1020=ORIENTED_EDGE('',*,*,#738,.T.);
#1021=ORIENTED_EDGE('',*,*,#784,.T.);
#1022=ORIENTED_EDGE('',*,*,#785,.F.);
#1023=ORIENTED_EDGE('',*,*,#720,.F.);
#1024=ORIENTED_EDGE('',*,*,#737,.T.);
#1025=ORIENTED_EDGE('',*,*,#741,.T.);
#1026=ORIENTED_EDGE('',*,*,#786,.F.);
#1027=ORIENTED_EDGE('',*,*,#787,.T.);
#1028=ORIENTED_EDGE('',*,*,#788,.T.);
#1029=ORIENTED_EDGE('',*,*,#789,.T.);
#1030=ORIENTED_EDGE('',*,*,#784,.F.);
#1031=ORIENTED_EDGE('',*,*,#759,.T.);
#1032=ORIENTED_EDGE('',*,*,#790,.T.);
#1033=ORIENTED_EDGE('',*,*,#773,.T.);
#1034=ORIENTED_EDGE('',*,*,#791,.T.);
#1035=ORIENTED_EDGE('',*,*,#792,.T.);
#1036=ORIENTED_EDGE('',*,*,#724,.T.);
#1037=ORIENTED_EDGE('',*,*,#793,.T.);
#1038=ORIENTED_EDGE('',*,*,#779,.T.);
#1039=ORIENTED_EDGE('',*,*,#794,.T.);
#1040=ORIENTED_EDGE('',*,*,#780,.T.);
#1041=ORIENTED_EDGE('',*,*,#793,.F.);
#1042=ORIENTED_EDGE('',*,*,#795,.T.);
#1043=ORIENTED_EDGE('',*,*,#796,.T.);
#1044=ORIENTED_EDGE('',*,*,#781,.T.);
#1045=ORIENTED_EDGE('',*,*,#794,.F.);
#1046=ORIENTED_EDGE('',*,*,#797,.T.);
#1047=ORIENTED_EDGE('',*,*,#798,.T.);
#1048=ORIENTED_EDGE('',*,*,#782,.T.);
#1049=ORIENTED_EDGE('',*,*,#796,.F.);
#1050=ORIENTED_EDGE('',*,*,#799,.T.);
#1051=ORIENTED_EDGE('',*,*,#783,.T.);
#1052=ORIENTED_EDGE('',*,*,#798,.F.);
#1053=ORIENTED_EDGE('',*,*,#800,.T.);
#1054=ORIENTED_EDGE('',*,*,#791,.F.);
#1055=ORIENTED_EDGE('',*,*,#800,.F.);
#1056=ORIENTED_EDGE('',*,*,#801,.F.);
#1057=ORIENTED_EDGE('',*,*,#802,.T.);
#1058=ORIENTED_EDGE('',*,*,#760,.T.);
#1059=ORIENTED_EDGE('',*,*,#799,.F.);
#1060=ORIENTED_EDGE('',*,*,#803,.F.);
#1061=ORIENTED_EDGE('',*,*,#804,.T.);
#1062=ORIENTED_EDGE('',*,*,#801,.T.);
#1063=ORIENTED_EDGE('',*,*,#797,.F.);
#1064=ORIENTED_EDGE('',*,*,#805,.F.);
#1065=ORIENTED_EDGE('',*,*,#806,.T.);
#1066=ORIENTED_EDGE('',*,*,#803,.T.);
#1067=ORIENTED_EDGE('',*,*,#795,.F.);
#1068=ORIENTED_EDGE('',*,*,#723,.F.);
#1069=ORIENTED_EDGE('',*,*,#807,.T.);
#1070=ORIENTED_EDGE('',*,*,#805,.T.);
#1071=ORIENTED_EDGE('',*,*,#808,.T.);
#1072=ORIENTED_EDGE('',*,*,#809,.T.);
#1073=ORIENTED_EDGE('',*,*,#810,.T.);
#1074=ORIENTED_EDGE('',*,*,#811,.T.);
#1075=ORIENTED_EDGE('',*,*,#812,.T.);
#1076=ORIENTED_EDGE('',*,*,#809,.F.);
#1077=ORIENTED_EDGE('',*,*,#813,.T.);
#1078=ORIENTED_EDGE('',*,*,#814,.T.);
#1079=ORIENTED_EDGE('',*,*,#815,.T.);
#1080=ORIENTED_EDGE('',*,*,#814,.F.);
#1081=ORIENTED_EDGE('',*,*,#816,.T.);
#1082=ORIENTED_EDGE('',*,*,#817,.T.);
#1083=ORIENTED_EDGE('',*,*,#818,.T.);
#1084=ORIENTED_EDGE('',*,*,#817,.F.);
#1085=ORIENTED_EDGE('',*,*,#819,.T.);
#1086=ORIENTED_EDGE('',*,*,#811,.F.);
#1087=ORIENTED_EDGE('',*,*,#818,.F.);
#1088=ORIENTED_EDGE('',*,*,#820,.T.);
#1089=ORIENTED_EDGE('',*,*,#821,.T.);
#1090=ORIENTED_EDGE('',*,*,#822,.T.);
#1091=ORIENTED_EDGE('',*,*,#823,.T.);
#1092=ORIENTED_EDGE('',*,*,#824,.T.);
#1093=ORIENTED_EDGE('',*,*,#810,.F.);
#1094=ORIENTED_EDGE('',*,*,#825,.F.);
#1095=ORIENTED_EDGE('',*,*,#826,.T.);
#1096=ORIENTED_EDGE('',*,*,#827,.T.);
#1097=ORIENTED_EDGE('',*,*,#828,.T.);
#1098=ORIENTED_EDGE('',*,*,#820,.F.);
#1099=ORIENTED_EDGE('',*,*,#808,.F.);
#1100=ORIENTED_EDGE('',*,*,#819,.F.);
#1101=ORIENTED_EDGE('',*,*,#816,.F.);
#1102=ORIENTED_EDGE('',*,*,#813,.F.);
#1103=ORIENTED_EDGE('',*,*,#829,.F.);
#1104=ORIENTED_EDGE('',*,*,#786,.T.);
#1105=ORIENTED_EDGE('',*,*,#740,.T.);
#1106=ORIENTED_EDGE('',*,*,#743,.T.);
#1107=ORIENTED_EDGE('',*,*,#745,.T.);
#1108=ORIENTED_EDGE('',*,*,#750,.T.);
#1109=ORIENTED_EDGE('',*,*,#765,.T.);
#1110=ORIENTED_EDGE('',*,*,#830,.T.);
#1111=ORIENTED_EDGE('',*,*,#831,.F.);
#1112=ORIENTED_EDGE('',*,*,#832,.T.);
#1113=ORIENTED_EDGE('',*,*,#766,.T.);
#1114=ORIENTED_EDGE('',*,*,#832,.F.);
#1115=ORIENTED_EDGE('',*,*,#833,.F.);
#1116=ORIENTED_EDGE('',*,*,#771,.F.);
#1117=ORIENTED_EDGE('',*,*,#834,.F.);
#1118=ORIENTED_EDGE('',*,*,#835,.F.);
#1119=ORIENTED_EDGE('',*,*,#836,.F.);
#1120=ORIENTED_EDGE('',*,*,#837,.F.);
#1121=ORIENTED_EDGE('',*,*,#838,.F.);
#1122=ORIENTED_EDGE('',*,*,#839,.F.);
#1123=ORIENTED_EDGE('',*,*,#840,.F.);
#1124=ORIENTED_EDGE('',*,*,#841,.F.);
#1125=ORIENTED_EDGE('',*,*,#842,.F.);
#1126=ORIENTED_EDGE('',*,*,#843,.F.);
#1127=ORIENTED_EDGE('',*,*,#844,.F.);
#1128=ORIENTED_EDGE('',*,*,#845,.F.);
#1129=ORIENTED_EDGE('',*,*,#846,.T.);
#1130=ORIENTED_EDGE('',*,*,#841,.T.);
#1131=ORIENTED_EDGE('',*,*,#847,.T.);
#1132=ORIENTED_EDGE('',*,*,#836,.T.);
#1133=ORIENTED_EDGE('',*,*,#848,.T.);
#1134=ORIENTED_EDGE('',*,*,#834,.T.);
#1135=ORIENTED_EDGE('',*,*,#849,.T.);
#1136=ORIENTED_EDGE('',*,*,#839,.T.);
#1137=ORIENTED_EDGE('',*,*,#850,.T.);
#1138=ORIENTED_EDGE('',*,*,#837,.T.);
#1139=ORIENTED_EDGE('',*,*,#851,.T.);
#1140=ORIENTED_EDGE('',*,*,#843,.T.);
#1141=ORIENTED_EDGE('',*,*,#852,.T.);
#1142=ORIENTED_EDGE('',*,*,#844,.T.);
#1143=ORIENTED_EDGE('',*,*,#853,.T.);
#1144=ORIENTED_EDGE('',*,*,#840,.T.);
#1145=ORIENTED_EDGE('',*,*,#847,.F.);
#1146=ORIENTED_EDGE('',*,*,#853,.F.);
#1147=ORIENTED_EDGE('',*,*,#851,.F.);
#1148=ORIENTED_EDGE('',*,*,#849,.F.);
#1149=ORIENTED_EDGE('',*,*,#854,.F.);
#1150=ORIENTED_EDGE('',*,*,#855,.T.);
#1151=ORIENTED_EDGE('',*,*,#856,.T.);
#1152=ORIENTED_EDGE('',*,*,#857,.T.);
#1153=ORIENTED_EDGE('',*,*,#856,.F.);
#1154=ORIENTED_EDGE('',*,*,#858,.T.);
#1155=ORIENTED_EDGE('',*,*,#859,.T.);
#1156=ORIENTED_EDGE('',*,*,#860,.T.);
#1157=ORIENTED_EDGE('',*,*,#859,.F.);
#1158=ORIENTED_EDGE('',*,*,#861,.T.);
#1159=ORIENTED_EDGE('',*,*,#862,.T.);
#1160=ORIENTED_EDGE('',*,*,#863,.T.);
#1161=ORIENTED_EDGE('',*,*,#864,.T.);
#1162=ORIENTED_EDGE('',*,*,#862,.F.);
#1163=ORIENTED_EDGE('',*,*,#865,.T.);
#1164=ORIENTED_EDGE('',*,*,#866,.T.);
#1165=ORIENTED_EDGE('',*,*,#865,.F.);
#1166=ORIENTED_EDGE('',*,*,#867,.F.);
#1167=ORIENTED_EDGE('',*,*,#868,.T.);
#1168=ORIENTED_EDGE('',*,*,#756,.T.);
#1169=ORIENTED_EDGE('',*,*,#869,.F.);
#1170=ORIENTED_EDGE('',*,*,#870,.F.);
#1171=ORIENTED_EDGE('',*,*,#826,.F.);
#1172=ORIENTED_EDGE('',*,*,#871,.F.);
#1173=ORIENTED_EDGE('',*,*,#872,.F.);
#1174=ORIENTED_EDGE('',*,*,#873,.F.);
#1175=ORIENTED_EDGE('',*,*,#812,.F.);
#1176=ORIENTED_EDGE('',*,*,#874,.F.);
#1177=ORIENTED_EDGE('',*,*,#873,.T.);
#1178=ORIENTED_EDGE('',*,*,#875,.T.);
#1179=ORIENTED_EDGE('',*,*,#869,.T.);
#1180=ORIENTED_EDGE('',*,*,#825,.T.);
#1181=ORIENTED_EDGE('',*,*,#823,.F.);
#1182=ORIENTED_EDGE('',*,*,#876,.F.);
#1183=ORIENTED_EDGE('',*,*,#877,.F.);
#1184=ORIENTED_EDGE('',*,*,#815,.F.);
#1185=ORIENTED_EDGE('',*,*,#824,.F.);
#1186=ORIENTED_EDGE('',*,*,#877,.T.);
#1187=ORIENTED_EDGE('',*,*,#878,.F.);
#1188=ORIENTED_EDGE('',*,*,#871,.T.);
#1189=ORIENTED_EDGE('',*,*,#874,.T.);
#1190=ORIENTED_EDGE('',*,*,#821,.F.);
#1191=ORIENTED_EDGE('',*,*,#828,.F.);
#1192=ORIENTED_EDGE('',*,*,#879,.T.);
#1193=ORIENTED_EDGE('',*,*,#855,.F.);
#1194=ORIENTED_EDGE('',*,*,#727,.T.);
#1195=ORIENTED_EDGE('',*,*,#880,.T.);
#1196=ORIENTED_EDGE('',*,*,#881,.T.);
#1197=ORIENTED_EDGE('',*,*,#858,.F.);
#1198=ORIENTED_EDGE('',*,*,#881,.F.);
#1199=ORIENTED_EDGE('',*,*,#882,.F.);
#1200=ORIENTED_EDGE('',*,*,#883,.F.);
#1201=ORIENTED_EDGE('',*,*,#861,.F.);
#1202=ORIENTED_EDGE('',*,*,#883,.T.);
#1203=ORIENTED_EDGE('',*,*,#884,.T.);
#1204=ORIENTED_EDGE('',*,*,#867,.T.);
#1205=ORIENTED_EDGE('',*,*,#885,.T.);
#1206=ORIENTED_EDGE('',*,*,#886,.T.);
#1207=ORIENTED_EDGE('',*,*,#728,.T.);
#1208=ORIENTED_EDGE('',*,*,#854,.T.);
#1209=ORIENTED_EDGE('',*,*,#887,.F.);
#1210=ORIENTED_EDGE('',*,*,#888,.T.);
#1211=ORIENTED_EDGE('',*,*,#889,.T.);
#1212=ORIENTED_EDGE('',*,*,#890,.T.);
#1213=ORIENTED_EDGE('',*,*,#891,.T.);
#1214=ORIENTED_EDGE('',*,*,#885,.F.);
#1215=ORIENTED_EDGE('',*,*,#857,.F.);
#1216=ORIENTED_EDGE('',*,*,#860,.F.);
#1217=ORIENTED_EDGE('',*,*,#863,.F.);
#1218=ORIENTED_EDGE('',*,*,#864,.F.);
#1219=ORIENTED_EDGE('',*,*,#755,.T.);
#1220=ORIENTED_EDGE('',*,*,#892,.T.);
#1221=ORIENTED_EDGE('',*,*,#893,.T.);
#1222=ORIENTED_EDGE('',*,*,#887,.T.);
#1223=ORIENTED_EDGE('',*,*,#866,.F.);
#1224=ORIENTED_EDGE('',*,*,#894,.F.);
#1225=ORIENTED_EDGE('',*,*,#762,.F.);
#1226=ORIENTED_EDGE('',*,*,#895,.F.);
#1227=ORIENTED_EDGE('',*,*,#896,.F.);
#1228=ORIENTED_EDGE('',*,*,#897,.F.);
#1229=ORIENTED_EDGE('',*,*,#894,.T.);
#1230=ORIENTED_EDGE('',*,*,#898,.F.);
#1231=ORIENTED_EDGE('',*,*,#747,.T.);
#1232=ORIENTED_EDGE('',*,*,#896,.T.);
#1233=ORIENTED_EDGE('',*,*,#899,.F.);
#1234=ORIENTED_EDGE('',*,*,#900,.F.);
#1235=ORIENTED_EDGE('',*,*,#901,.F.);
#1236=ORIENTED_EDGE('',*,*,#902,.F.);
#1237=ORIENTED_EDGE('',*,*,#903,.F.);
#1238=ORIENTED_EDGE('',*,*,#904,.T.);
#1239=ORIENTED_EDGE('',*,*,#902,.T.);
#1240=ORIENTED_EDGE('',*,*,#905,.T.);
#1241=ORIENTED_EDGE('',*,*,#829,.T.);
#1242=ORIENTED_EDGE('',*,*,#906,.T.);
#1243=ORIENTED_EDGE('',*,*,#785,.T.);
#1244=ORIENTED_EDGE('',*,*,#789,.F.);
#1245=ORIENTED_EDGE('',*,*,#907,.F.);
#1246=ORIENTED_EDGE('',*,*,#905,.F.);
#1247=ORIENTED_EDGE('',*,*,#901,.T.);
#1248=ORIENTED_EDGE('',*,*,#908,.T.);
#1249=ORIENTED_EDGE('',*,*,#907,.T.);
#1250=ORIENTED_EDGE('',*,*,#788,.F.);
#1251=ORIENTED_EDGE('',*,*,#787,.F.);
#1252=ORIENTED_EDGE('',*,*,#908,.F.);
#1253=ORIENTED_EDGE('',*,*,#900,.T.);
#1254=ORIENTED_EDGE('',*,*,#909,.F.);
#1255=ORIENTED_EDGE('',*,*,#721,.T.);
#1256=ORIENTED_EDGE('',*,*,#906,.F.);
#1257=ORIENTED_EDGE('',*,*,#726,.F.);
#1258=ORIENTED_EDGE('',*,*,#910,.T.);
#1259=ORIENTED_EDGE('',*,*,#911,.T.);
#1260=ORIENTED_EDGE('',*,*,#912,.T.);
#1261=ORIENTED_EDGE('',*,*,#913,.F.);
#1262=ORIENTED_EDGE('',*,*,#914,.T.);
#1263=ORIENTED_EDGE('',*,*,#757,.F.);
#1264=ORIENTED_EDGE('',*,*,#868,.F.);
#1265=ORIENTED_EDGE('',*,*,#884,.F.);
#1266=ORIENTED_EDGE('',*,*,#882,.T.);
#1267=ORIENTED_EDGE('',*,*,#880,.F.);
#1268=ORIENTED_EDGE('',*,*,#827,.F.);
#1269=ORIENTED_EDGE('',*,*,#870,.T.);
#1270=ORIENTED_EDGE('',*,*,#875,.F.);
#1271=ORIENTED_EDGE('',*,*,#872,.T.);
#1272=ORIENTED_EDGE('',*,*,#878,.T.);
#1273=ORIENTED_EDGE('',*,*,#876,.T.);
#1274=ORIENTED_EDGE('',*,*,#822,.F.);
#1275=ORIENTED_EDGE('',*,*,#879,.F.);
#1276=ORIENTED_EDGE('',*,*,#764,.T.);
#1277=ORIENTED_EDGE('',*,*,#915,.T.);
#1278=ORIENTED_EDGE('',*,*,#916,.F.);
#1279=ORIENTED_EDGE('',*,*,#830,.F.);
#1280=ORIENTED_EDGE('',*,*,#763,.T.);
#1281=ORIENTED_EDGE('',*,*,#730,.F.);
#1282=ORIENTED_EDGE('',*,*,#917,.F.);
#1283=ORIENTED_EDGE('',*,*,#915,.F.);
#1284=ORIENTED_EDGE('',*,*,#778,.F.);
#1285=ORIENTED_EDGE('',*,*,#918,.T.);
#1286=ORIENTED_EDGE('',*,*,#910,.F.);
#1287=ORIENTED_EDGE('',*,*,#725,.T.);
#1288=ORIENTED_EDGE('',*,*,#792,.F.);
#1289=ORIENTED_EDGE('',*,*,#919,.T.);
#1290=ORIENTED_EDGE('',*,*,#911,.F.);
#1291=ORIENTED_EDGE('',*,*,#918,.F.);
#1292=ORIENTED_EDGE('',*,*,#777,.F.);
#1293=ORIENTED_EDGE('',*,*,#920,.F.);
#1294=ORIENTED_EDGE('',*,*,#912,.F.);
#1295=ORIENTED_EDGE('',*,*,#919,.F.);
#1296=ORIENTED_EDGE('',*,*,#776,.F.);
#1297=ORIENTED_EDGE('',*,*,#921,.F.);
#1298=ORIENTED_EDGE('',*,*,#774,.F.);
#1299=ORIENTED_EDGE('',*,*,#790,.F.);
#1300=ORIENTED_EDGE('',*,*,#758,.F.);
#1301=ORIENTED_EDGE('',*,*,#914,.F.);
#1302=ORIENTED_EDGE('',*,*,#775,.F.);
#1303=ORIENTED_EDGE('',*,*,#921,.T.);
#1304=ORIENTED_EDGE('',*,*,#913,.T.);
#1305=ORIENTED_EDGE('',*,*,#920,.T.);
#1306=ORIENTED_EDGE('',*,*,#922,.T.);
#1307=ORIENTED_EDGE('',*,*,#729,.F.);
#1308=ORIENTED_EDGE('',*,*,#886,.F.);
#1309=ORIENTED_EDGE('',*,*,#891,.F.);
#1310=ORIENTED_EDGE('',*,*,#923,.T.);
#1311=ORIENTED_EDGE('',*,*,#924,.T.);
#1312=ORIENTED_EDGE('',*,*,#923,.F.);
#1313=ORIENTED_EDGE('',*,*,#890,.F.);
#1314=ORIENTED_EDGE('',*,*,#925,.T.);
#1315=ORIENTED_EDGE('',*,*,#926,.T.);
#1316=ORIENTED_EDGE('',*,*,#925,.F.);
#1317=ORIENTED_EDGE('',*,*,#889,.F.);
#1318=ORIENTED_EDGE('',*,*,#927,.T.);
#1319=ORIENTED_EDGE('',*,*,#928,.T.);
#1320=ORIENTED_EDGE('',*,*,#927,.F.);
#1321=ORIENTED_EDGE('',*,*,#888,.F.);
#1322=ORIENTED_EDGE('',*,*,#893,.F.);
#1323=ORIENTED_EDGE('',*,*,#929,.T.);
#1324=ORIENTED_EDGE('',*,*,#930,.T.);
#1325=ORIENTED_EDGE('',*,*,#929,.F.);
#1326=ORIENTED_EDGE('',*,*,#892,.F.);
#1327=ORIENTED_EDGE('',*,*,#754,.T.);
#1328=ORIENTED_EDGE('',*,*,#748,.T.);
#1329=ORIENTED_EDGE('',*,*,#898,.T.);
#1330=ORIENTED_EDGE('',*,*,#897,.T.);
#1331=ORIENTED_EDGE('',*,*,#903,.T.);
#1332=ORIENTED_EDGE('',*,*,#904,.F.);
#1333=ORIENTED_EDGE('',*,*,#749,.T.);
#1334=ORIENTED_EDGE('',*,*,#722,.F.);
#1335=ORIENTED_EDGE('',*,*,#909,.T.);
#1336=ORIENTED_EDGE('',*,*,#899,.T.);
#1337=ORIENTED_EDGE('',*,*,#895,.T.);
#1338=ORIENTED_EDGE('',*,*,#761,.F.);
#1339=ORIENTED_EDGE('',*,*,#802,.F.);
#1340=ORIENTED_EDGE('',*,*,#804,.F.);
#1341=ORIENTED_EDGE('',*,*,#806,.F.);
#1342=ORIENTED_EDGE('',*,*,#807,.F.);
#1343=ORIENTED_EDGE('',*,*,#845,.T.);
#1344=ORIENTED_EDGE('',*,*,#852,.F.);
#1345=ORIENTED_EDGE('',*,*,#842,.T.);
#1346=ORIENTED_EDGE('',*,*,#846,.F.);
#1347=ORIENTED_EDGE('',*,*,#835,.T.);
#1348=ORIENTED_EDGE('',*,*,#848,.F.);
#1349=ORIENTED_EDGE('',*,*,#838,.T.);
#1350=ORIENTED_EDGE('',*,*,#850,.F.);
#1351=ORIENTED_EDGE('',*,*,#916,.T.);
#1352=ORIENTED_EDGE('',*,*,#917,.T.);
#1353=ORIENTED_EDGE('',*,*,#922,.F.);
#1354=ORIENTED_EDGE('',*,*,#924,.F.);
#1355=ORIENTED_EDGE('',*,*,#926,.F.);
#1356=ORIENTED_EDGE('',*,*,#928,.F.);
#1357=ORIENTED_EDGE('',*,*,#930,.F.);
#1358=ORIENTED_EDGE('',*,*,#753,.T.);
#1359=ORIENTED_EDGE('',*,*,#770,.T.);
#1360=ORIENTED_EDGE('',*,*,#772,.T.);
#1361=ORIENTED_EDGE('',*,*,#833,.T.);
#1362=ORIENTED_EDGE('',*,*,#831,.T.);
#1363=PLANE('',#1507);
#1364=PLANE('',#1508);
#1365=PLANE('',#1509);
#1366=PLANE('',#1515);
#1367=PLANE('',#1518);
#1368=PLANE('',#1519);
#1369=PLANE('',#1520);
#1370=PLANE('',#1524);
#1371=PLANE('',#1527);
#1372=PLANE('',#1534);
#1373=PLANE('',#1535);
#1374=PLANE('',#1536);
#1375=PLANE('',#1540);
#1376=PLANE('',#1543);
#1377=PLANE('',#1544);
#1378=PLANE('',#1547);
#1379=PLANE('',#1565);
#1380=PLANE('',#1566);
#1381=PLANE('',#1570);
#1382=PLANE('',#1571);
#1383=PLANE('',#1572);
#1384=PLANE('',#1573);
#1385=PLANE('',#1574);
#1386=PLANE('',#1591);
#1387=PLANE('',#1595);
#1388=PLANE('',#1596);
#1389=PLANE('',#1597);
#1390=PLANE('',#1598);
#1391=PLANE('',#1602);
#1392=PLANE('',#1605);
#1393=PLANE('',#1608);
#1394=PLANE('',#1611);
#1395=PLANE('',#1613);
#1396=PLANE('',#1616);
#1397=PLANE('',#1617);
#1398=PLANE('',#1618);
#1399=PLANE('',#1623);
#1400=PLANE('',#1627);
#1401=PLANE('',#1630);
#1402=PLANE('',#1635);
#1403=PLANE('',#1636);
#1404=PLANE('',#1637);
#1405=PLANE('',#1642);
#1406=PLANE('',#1643);
#1407=PLANE('',#1644);
#1408=PLANE('',#1645);
#1409=PLANE('',#1646);
#1410=ADVANCED_FACE('',(#128),#1363,.F.);
#1411=ADVANCED_FACE('',(#129),#1364,.T.);
#1412=ADVANCED_FACE('',(#130),#1365,.T.);
#1413=ADVANCED_FACE('',(#131),#65,.T.);
#1414=ADVANCED_FACE('',(#132),#1366,.F.);
#1415=ADVANCED_FACE('',(#133),#66,.T.);
#1416=ADVANCED_FACE('',(#134),#1367,.T.);
#1417=ADVANCED_FACE('',(#135),#1368,.F.);
#1418=ADVANCED_FACE('',(#136),#1369,.T.);
#1419=ADVANCED_FACE('',(#137),#1370,.T.);
#1420=ADVANCED_FACE('',(#138),#67,.T.);
#1421=ADVANCED_FACE('',(#139),#1371,.T.);
#1422=ADVANCED_FACE('',(#140),#68,.T.);
#1423=ADVANCED_FACE('',(#141),#1372,.T.);
#1424=ADVANCED_FACE('',(#142),#1373,.T.);
#1425=ADVANCED_FACE('',(#143),#1374,.T.);
#1426=ADVANCED_FACE('',(#144),#24,.T.);
#1427=ADVANCED_FACE('',(#145),#1375,.T.);
#1428=ADVANCED_FACE('',(#146),#25,.T.);
#1429=ADVANCED_FACE('',(#147),#1376,.T.);
#1430=ADVANCED_FACE('',(#148),#1377,.T.);
#1431=ADVANCED_FACE('',(#149),#69,.T.);
#1432=ADVANCED_FACE('',(#150),#1378,.T.);
#1433=ADVANCED_FACE('',(#151),#70,.T.);
#1434=ADVANCED_FACE('',(#152),#18,.F.);
#1435=ADVANCED_FACE('',(#153),#19,.F.);
#1436=ADVANCED_FACE('',(#154),#20,.F.);
#1437=ADVANCED_FACE('',(#155),#21,.F.);
#1438=ADVANCED_FACE('',(#156),#71,.T.);
#1439=ADVANCED_FACE('',(#157),#72,.T.);
#1440=ADVANCED_FACE('',(#158),#1379,.T.);
#1441=ADVANCED_FACE('',(#159),#1380,.T.);
#1442=ADVANCED_FACE('',(#160),#73,.T.);
#1443=ADVANCED_FACE('',(#161),#1381,.F.);
#1444=ADVANCED_FACE('',(#162),#1382,.F.);
#1445=ADVANCED_FACE('',(#163),#1383,.F.);
#1446=ADVANCED_FACE('',(#164),#1384,.F.);
#1447=ADVANCED_FACE('',(#165),#1385,.F.);
#1448=ADVANCED_FACE('',(#166),#74,.F.);
#1449=ADVANCED_FACE('',(#167),#75,.F.);
#1450=ADVANCED_FACE('',(#168),#76,.F.);
#1451=ADVANCED_FACE('',(#169),#77,.F.);
#1452=ADVANCED_FACE('',(#170),#17,.F.);
#1453=ADVANCED_FACE('',(#171),#26,.T.);
#1454=ADVANCED_FACE('',(#172),#1386,.T.);
#1455=ADVANCED_FACE('',(#173),#27,.T.);
#1456=ADVANCED_FACE('',(#174),#1387,.T.);
#1457=ADVANCED_FACE('',(#175),#1388,.T.);
#1458=ADVANCED_FACE('',(#176),#1389,.T.);
#1459=ADVANCED_FACE('',(#177),#1390,.T.);
#1460=ADVANCED_FACE('',(#178),#78,.T.);
#1461=ADVANCED_FACE('',(#179),#1391,.T.);
#1462=ADVANCED_FACE('',(#180),#79,.T.);
#1463=ADVANCED_FACE('',(#181),#1392,.T.);
#1464=ADVANCED_FACE('',(#182),#80,.T.);
#1465=ADVANCED_FACE('',(#183),#1393,.T.);
#1466=ADVANCED_FACE('',(#184),#81,.T.);
#1467=ADVANCED_FACE('',(#185),#1394,.T.);
#1468=ADVANCED_FACE('',(#186),#1395,.T.);
#1469=ADVANCED_FACE('',(#187),#1396,.T.);
#1470=ADVANCED_FACE('',(#188),#1397,.T.);
#1471=ADVANCED_FACE('',(#189),#1398,.T.);
#1472=ADVANCED_FACE('',(#190),#82,.T.);
#1473=ADVANCED_FACE('',(#191),#28,.T.);
#1474=ADVANCED_FACE('',(#192),#1399,.T.);
#1475=ADVANCED_FACE('',(#193),#22,.T.);
#1476=ADVANCED_FACE('',(#194),#83,.F.);
#1477=ADVANCED_FACE('',(#195,#15),#1400,.T.);
#1478=ADVANCED_FACE('',(#196),#1401,.T.);
#1479=ADVANCED_FACE('',(#197),#84,.T.);
#1480=ADVANCED_FACE('',(#198),#85,.F.);
#1481=ADVANCED_FACE('',(#199),#86,.T.);
#1482=ADVANCED_FACE('',(#200),#1402,.T.);
#1483=ADVANCED_FACE('',(#201),#1403,.T.);
#1484=ADVANCED_FACE('',(#202),#1404,.T.);
#1485=ADVANCED_FACE('',(#203),#87,.F.);
#1486=ADVANCED_FACE('',(#204),#88,.T.);
#1487=ADVANCED_FACE('',(#205),#1405,.T.);
#1488=ADVANCED_FACE('',(#206),#1406,.T.);
#1489=ADVANCED_FACE('',(#207),#1407,.T.);
#1490=ADVANCED_FACE('',(#208),#23,.T.);
#1491=ADVANCED_FACE('',(#209,#16),#1408,.T.);
#1492=ADVANCED_FACE('',(#210),#1409,.T.);
#1493=CLOSED_SHELL('',(#1410,#1411,#1412,#1413,#1414,#1415,#1416,#1417,
#1418,#1419,#1420,#1421,#1422,#1423,#1424,#1425,#1426,#1427,#1428,#1429,
#1430,#1431,#1432,#1433,#1434,#1435,#1436,#1437,#1438,#1439,#1440,#1441,
#1442,#1443,#1444,#1445,#1446,#1447,#1448,#1449,#1450,#1451,#1452,#1453,
#1454,#1455,#1456,#1457,#1458,#1459,#1460,#1461,#1462,#1463,#1464,#1465,
#1466,#1467,#1468,#1469,#1470,#1471,#1472,#1473,#1474,#1475,#1476,#1477,
#1478,#1479,#1480,#1481,#1482,#1483,#1484,#1485,#1486,#1487,#1488,#1489,
#1490,#1491,#1492));
#1494=DERIVED_UNIT_ELEMENT(#1496,1.);
#1495=DERIVED_UNIT_ELEMENT(#2736,-3.);
#1496=(
MASS_UNIT()
NAMED_UNIT(*)
SI_UNIT(.KILO.,.GRAM.)
);
#1497=DERIVED_UNIT((#1494,#1495));
#1498=MEASURE_REPRESENTATION_ITEM('density measure',
POSITIVE_RATIO_MEASURE(7850.),#1497);
#1499=PROPERTY_DEFINITION_REPRESENTATION(#1504,#1501);
#1500=PROPERTY_DEFINITION_REPRESENTATION(#1505,#1502);
#1501=REPRESENTATION('material name',(#1503),#2733);
#1502=REPRESENTATION('density',(#1498),#2733);
#1503=DESCRIPTIVE_REPRESENTATION_ITEM('\X2\94A2\X0\','\X2\94A2\X0\');
#1504=PROPERTY_DEFINITION('material property','material name',#2743);
#1505=PROPERTY_DEFINITION('material property','density of part',#2743);
#1506=AXIS2_PLACEMENT_3D('',#2070,#1647,#1648);
#1507=AXIS2_PLACEMENT_3D('',#2071,#1649,#1650);
#1508=AXIS2_PLACEMENT_3D('',#2080,#1655,#1656);
#1509=AXIS2_PLACEMENT_3D('',#2106,#1670,#1671);
#1510=AXIS2_PLACEMENT_3D('',#2112,#1674,#1675);
#1511=AXIS2_PLACEMENT_3D('',#2116,#1677,#1678);
#1512=AXIS2_PLACEMENT_3D('',#2119,#1680,#1681);
#1513=AXIS2_PLACEMENT_3D('',#2120,#1682,#1683);
#1514=AXIS2_PLACEMENT_3D('',#2124,#1685,#1686);
#1515=AXIS2_PLACEMENT_3D('',#2126,#1688,#1689);
#1516=AXIS2_PLACEMENT_3D('',#2130,#1692,#1693);
#1517=AXIS2_PLACEMENT_3D('',#2133,#1695,#1696);
#1518=AXIS2_PLACEMENT_3D('',#2134,#1697,#1698);
#1519=AXIS2_PLACEMENT_3D('',#2156,#1702,#1703);
#1520=AXIS2_PLACEMENT_3D('',#2180,#1716,#1717);
#1521=AXIS2_PLACEMENT_3D('',#2182,#1718,#1719);
#1522=AXIS2_PLACEMENT_3D('',#2186,#1721,#1722);
#1523=AXIS2_PLACEMENT_3D('',#2190,#1724,#1725);
#1524=AXIS2_PLACEMENT_3D('',#2192,#1727,#1728);
#1525=AXIS2_PLACEMENT_3D('',#2196,#1731,#1732);
#1526=AXIS2_PLACEMENT_3D('',#2199,#1734,#1735);
#1527=AXIS2_PLACEMENT_3D('',#2200,#1736,#1737);
#1528=AXIS2_PLACEMENT_3D('',#2211,#1742,#1743);
#1529=AXIS2_PLACEMENT_3D('',#2213,#1744,#1745);
#1530=AXIS2_PLACEMENT_3D('',#2217,#1747,#1748);
#1531=AXIS2_PLACEMENT_3D('',#2221,#1750,#1751);
#1532=AXIS2_PLACEMENT_3D('',#2223,#1753,#1754);
#1533=AXIS2_PLACEMENT_3D('',#2226,#1756,#1757);
#1534=AXIS2_PLACEMENT_3D('',#2227,#1758,#1759);
#1535=AXIS2_PLACEMENT_3D('',#2261,#1762,#1763);
#1536=AXIS2_PLACEMENT_3D('',#2264,#1766,#1767);
#1537=AXIS2_PLACEMENT_3D('',#2265,#1768,#1769);
#1538=AXIS2_PLACEMENT_3D('',#2267,#1771,#1772);
#1539=AXIS2_PLACEMENT_3D('',#2270,#1774,#1775);
#1540=AXIS2_PLACEMENT_3D('',#2271,#1776,#1777);
#1541=AXIS2_PLACEMENT_3D('',#2275,#1780,#1781);
#1542=AXIS2_PLACEMENT_3D('',#2278,#1783,#1784);
#1543=AXIS2_PLACEMENT_3D('',#2279,#1785,#1786);
#1544=AXIS2_PLACEMENT_3D('',#2281,#1788,#1789);
#1545=AXIS2_PLACEMENT_3D('',#2285,#1792,#1793);
#1546=AXIS2_PLACEMENT_3D('',#2288,#1795,#1796);
#1547=AXIS2_PLACEMENT_3D('',#2289,#1797,#1798);
#1548=AXIS2_PLACEMENT_3D('',#2293,#1801,#1802);
#1549=AXIS2_PLACEMENT_3D('',#2294,#1803,#1804);
#1550=AXIS2_PLACEMENT_3D('',#2313,#1805,#1806);
#1551=AXIS2_PLACEMENT_3D('',#2338,#1807,#1808);
#1552=AXIS2_PLACEMENT_3D('',#2378,#1809,#1810);
#1553=AXIS2_PLACEMENT_3D('',#2380,#1811,#1812);
#1554=AXIS2_PLACEMENT_3D('',#2420,#1813,#1814);
#1555=AXIS2_PLACEMENT_3D('',#2422,#1815,#1816);
#1556=AXIS2_PLACEMENT_3D('',#2461,#1817,#1818);
#1557=AXIS2_PLACEMENT_3D('',#2462,#1819,#1820);
#1558=AXIS2_PLACEMENT_3D('',#2463,#1821,#1822);
#1559=AXIS2_PLACEMENT_3D('',#2465,#1823,#1824);
#1560=AXIS2_PLACEMENT_3D('',#2469,#1826,#1827);
#1561=AXIS2_PLACEMENT_3D('',#2472,#1829,#1830);
#1562=AXIS2_PLACEMENT_3D('',#2473,#1831,#1832);
#1563=AXIS2_PLACEMENT_3D('',#2475,#1833,#1834);
#1564=AXIS2_PLACEMENT_3D('',#2479,#1836,#1837);
#1565=AXIS2_PLACEMENT_3D('',#2481,#1839,#1840);
#1566=AXIS2_PLACEMENT_3D('',#2482,#1841,#1842);
#1567=AXIS2_PLACEMENT_3D('',#2483,#1843,#1844);
#1568=AXIS2_PLACEMENT_3D('',#2484,#1845,#1846);
#1569=AXIS2_PLACEMENT_3D('',#2488,#1848,#1849);
#1570=AXIS2_PLACEMENT_3D('',#2490,#1851,#1852);
#1571=AXIS2_PLACEMENT_3D('',#2492,#1854,#1855);
#1572=AXIS2_PLACEMENT_3D('',#2499,#1859,#1860);
#1573=AXIS2_PLACEMENT_3D('',#2506,#1864,#1865);
#1574=AXIS2_PLACEMENT_3D('',#2513,#1869,#1870);
#1575=AXIS2_PLACEMENT_3D('',#2520,#1874,#1875);
#1576=AXIS2_PLACEMENT_3D('',#2521,#1876,#1877);
#1577=AXIS2_PLACEMENT_3D('',#2522,#1878,#1879);
#1578=AXIS2_PLACEMENT_3D('',#2523,#1880,#1881);
#1579=AXIS2_PLACEMENT_3D('',#2524,#1882,#1883);
#1580=AXIS2_PLACEMENT_3D('',#2525,#1884,#1885);
#1581=AXIS2_PLACEMENT_3D('',#2526,#1886,#1887);
#1582=AXIS2_PLACEMENT_3D('',#2527,#1888,#1889);
#1583=AXIS2_PLACEMENT_3D('',#2528,#1890,#1891);
#1584=AXIS2_PLACEMENT_3D('',#2529,#1892,#1893);
#1585=AXIS2_PLACEMENT_3D('',#2530,#1894,#1895);
#1586=AXIS2_PLACEMENT_3D('',#2531,#1896,#1897);
#1587=AXIS2_PLACEMENT_3D('',#2532,#1898,#1899);
#1588=AXIS2_PLACEMENT_3D('',#2533,#1900,#1901);
#1589=AXIS2_PLACEMENT_3D('',#2537,#1903,#1904);
#1590=AXIS2_PLACEMENT_3D('',#2540,#1906,#1907);
#1591=AXIS2_PLACEMENT_3D('',#2541,#1908,#1909);
#1592=AXIS2_PLACEMENT_3D('',#2547,#1913,#1914);
#1593=AXIS2_PLACEMENT_3D('',#2549,#1915,#1916);
#1594=AXIS2_PLACEMENT_3D('',#2552,#1918,#1919);
#1595=AXIS2_PLACEMENT_3D('',#2553,#1920,#1921);
#1596=AXIS2_PLACEMENT_3D('',#2558,#1925,#1926);
#1597=AXIS2_PLACEMENT_3D('',#2562,#1929,#1930);
#1598=AXIS2_PLACEMENT_3D('',#2566,#1933,#1934);
#1599=AXIS2_PLACEMENT_3D('',#2573,#1938,#1939);
#1600=AXIS2_PLACEMENT_3D('',#2574,#1940,#1941);
#1601=AXIS2_PLACEMENT_3D('',#2575,#1942,#1943);
#1602=AXIS2_PLACEMENT_3D('',#2576,#1944,#1945);
#1603=AXIS2_PLACEMENT_3D('',#2580,#1948,#1949);
#1604=AXIS2_PLACEMENT_3D('',#2581,#1950,#1951);
#1605=AXIS2_PLACEMENT_3D('',#2582,#1952,#1953);
#1606=AXIS2_PLACEMENT_3D('',#2584,#1955,#1956);
#1607=AXIS2_PLACEMENT_3D('',#2586,#1957,#1958);
#1608=AXIS2_PLACEMENT_3D('',#2588,#1960,#1961);
#1609=AXIS2_PLACEMENT_3D('',#2592,#1964,#1965);
#1610=AXIS2_PLACEMENT_3D('',#2593,#1966,#1967);
#1611=AXIS2_PLACEMENT_3D('',#2594,#1968,#1969);
#1612=AXIS2_PLACEMENT_3D('',#2597,#1971,#1972);
#1613=AXIS2_PLACEMENT_3D('',#2598,#1973,#1974);
#1614=AXIS2_PLACEMENT_3D('',#2606,#1978,#1979);
#1615=AXIS2_PLACEMENT_3D('',#2607,#1980,#1981);
#1616=AXIS2_PLACEMENT_3D('',#2608,#1982,#1983);
#1617=AXIS2_PLACEMENT_3D('',#2612,#1986,#1987);
#1618=AXIS2_PLACEMENT_3D('',#2623,#1991,#1992);
#1619=AXIS2_PLACEMENT_3D('',#2625,#1994,#1995);
#1620=AXIS2_PLACEMENT_3D('',#2627,#1996,#1997);
#1621=AXIS2_PLACEMENT_3D('',#2636,#1999,#2000);
#1622=AXIS2_PLACEMENT_3D('',#2641,#2001,#2002);
#1623=AXIS2_PLACEMENT_3D('',#2644,#2005,#2006);
#1624=AXIS2_PLACEMENT_3D('',#2646,#2007,#2008);
#1625=AXIS2_PLACEMENT_3D('',#2668,#2010,#2011);
#1626=AXIS2_PLACEMENT_3D('',#2669,#2012,#2013);
#1627=AXIS2_PLACEMENT_3D('',#2670,#2014,#2015);
#1628=AXIS2_PLACEMENT_3D('',#2672,#2016,#2017);
#1629=AXIS2_PLACEMENT_3D('',#2674,#2018,#2019);
#1630=AXIS2_PLACEMENT_3D('',#2680,#2023,#2024);
#1631=AXIS2_PLACEMENT_3D('',#2684,#2027,#2028);
#1632=AXIS2_PLACEMENT_3D('',#2685,#2029,#2030);
#1633=AXIS2_PLACEMENT_3D('',#2686,#2031,#2032);
#1634=AXIS2_PLACEMENT_3D('',#2688,#2034,#2035);
#1635=AXIS2_PLACEMENT_3D('',#2690,#2037,#2038);
#1636=AXIS2_PLACEMENT_3D('',#2692,#2040,#2041);
#1637=AXIS2_PLACEMENT_3D('',#2694,#2043,#2044);
#1638=AXIS2_PLACEMENT_3D('',#2695,#2045,#2046);
#1639=AXIS2_PLACEMENT_3D('',#2697,#2047,#2048);
#1640=AXIS2_PLACEMENT_3D('',#2699,#2050,#2051);
#1641=AXIS2_PLACEMENT_3D('',#2701,#2052,#2053);
#1642=AXIS2_PLACEMENT_3D('',#2703,#2055,#2056);
#1643=AXIS2_PLACEMENT_3D('',#2707,#2059,#2060);
#1644=AXIS2_PLACEMENT_3D('',#2711,#2063,#2064);
#1645=AXIS2_PLACEMENT_3D('',#2729,#2066,#2067);
#1646=AXIS2_PLACEMENT_3D('',#2730,#2068,#2069);
#1647=DIRECTION('axis',(0.,0.,1.));
#1648=DIRECTION('refdir',(1.,0.,0.));
#1649=DIRECTION('center_axis',(1.,0.,0.));
#1650=DIRECTION('ref_axis',(0.,0.,-1.));
#1651=DIRECTION('',(0.,0.,-1.));
#1652=DIRECTION('',(0.,-1.,0.));
#1653=DIRECTION('',(0.,0.,1.));
#1654=DIRECTION('',(0.,1.,0.));
#1655=DIRECTION('center_axis',(0.,0.,1.));
#1656=DIRECTION('ref_axis',(1.,0.,0.));
#1657=DIRECTION('',(1.,0.,0.));
#1658=DIRECTION('',(0.,1.,0.));
#1659=DIRECTION('',(0.,-1.,0.));
#1660=DIRECTION('',(1.,0.,0.));
#1661=DIRECTION('',(0.,1.,0.));
#1662=DIRECTION('',(1.,0.,0.));
#1663=DIRECTION('',(0.,-1.,0.));
#1664=DIRECTION('',(1.,0.,0.));
#1665=DIRECTION('',(-8.32667268468867E-16,-1.,0.));
#1666=DIRECTION('',(1.,0.,0.));
#1667=DIRECTION('',(0.,1.,0.));
#1668=DIRECTION('',(0.,1.,0.));
#1669=DIRECTION('',(-1.,0.,0.));
#1670=DIRECTION('center_axis',(0.,-1.,0.));
#1671=DIRECTION('ref_axis',(1.,0.,0.));
#1672=DIRECTION('',(-1.,0.,0.));
#1673=DIRECTION('',(-0.766044443118978,0.,-0.642787609686539));
#1674=DIRECTION('center_axis',(0.,1.,0.));
#1675=DIRECTION('ref_axis',(0.90630778703665,0.,-0.4226182617407));
#1676=DIRECTION('',(0.,0.,-1.));
#1677=DIRECTION('center_axis',(0.,1.,0.));
#1678=DIRECTION('ref_axis',(0.854796097511562,0.,0.518963998442093));
#1679=DIRECTION('',(0.887216801234595,0.,-0.46135273664199));
#1680=DIRECTION('center_axis',(0.,1.,0.));
#1681=DIRECTION('ref_axis',(0.237469154592133,0.,0.971395079572312));
#1682=DIRECTION('center_axis',(0.,1.,0.));
#1683=DIRECTION('ref_axis',(0.854796097511562,0.,0.518963998442093));
#1684=DIRECTION('',(0.,1.,0.));
#1685=DIRECTION('center_axis',(0.,1.,0.));
#1686=DIRECTION('ref_axis',(0.854796097511562,0.,0.518963998442093));
#1687=DIRECTION('',(0.,1.,0.));
#1688=DIRECTION('center_axis',(-1.,0.,0.));
#1689=DIRECTION('ref_axis',(0.,0.,1.));
#1690=DIRECTION('',(0.,-1.,0.));
#1691=DIRECTION('',(0.,0.,-1.));
#1692=DIRECTION('center_axis',(0.,-1.,0.));
#1693=DIRECTION('ref_axis',(0.90630778703665,0.,-0.4226182617407));
#1694=DIRECTION('',(0.,1.,0.));
#1695=DIRECTION('center_axis',(0.,1.,0.));
#1696=DIRECTION('ref_axis',(0.90630778703665,0.,-0.4226182617407));
#1697=DIRECTION('center_axis',(0.642787609686539,0.,-0.766044443118978));
#1698=DIRECTION('ref_axis',(-0.766044443118978,0.,-0.642787609686539));
#1699=DIRECTION('',(0.,1.,0.));
#1700=DIRECTION('',(-0.766044443118978,-7.85046229341887E-17,-0.642787609686539));
#1701=DIRECTION('',(-0.766044443118978,0.,-0.642787609686539));
#1702=DIRECTION('center_axis',(0.,0.,1.));
#1703=DIRECTION('ref_axis',(1.,0.,0.));
#1704=DIRECTION('',(1.,0.,0.));
#1705=DIRECTION('',(0.,-1.,0.));
#1706=DIRECTION('',(1.,0.,0.));
#1707=DIRECTION('',(0.,1.,0.));
#1708=DIRECTION('',(-1.,0.,0.));
#1709=DIRECTION('',(8.32667268468867E-16,1.,0.));
#1710=DIRECTION('',(-1.,0.,0.));
#1711=DIRECTION('',(0.,-1.,0.));
#1712=DIRECTION('',(-1.,0.,0.));
#1713=DIRECTION('',(0.,1.,0.));
#1714=DIRECTION('',(-1.,0.,0.));
#1715=DIRECTION('',(0.,-1.,0.));
#1716=DIRECTION('center_axis',(0.,1.,0.));
#1717=DIRECTION('ref_axis',(-1.,0.,0.));
#1718=DIRECTION('center_axis',(0.,-1.,0.));
#1719=DIRECTION('ref_axis',(0.237469154592133,0.,0.971395079572312));
#1720=DIRECTION('',(-0.887216801234595,0.,0.46135273664199));
#1721=DIRECTION('center_axis',(0.,-1.,0.));
#1722=DIRECTION('ref_axis',(0.854796097511562,0.,0.518963998442093));
#1723=DIRECTION('',(0.,0.,1.));
#1724=DIRECTION('center_axis',(0.,-1.,0.));
#1725=DIRECTION('ref_axis',(0.906307787036649,0.,-0.4226182617407));
#1726=DIRECTION('',(0.766044443118978,0.,0.642787609686539));
#1727=DIRECTION('center_axis',(0.642787609686539,0.,-0.766044443118978));
#1728=DIRECTION('ref_axis',(-0.766044443118978,0.,-0.642787609686539));
#1729=DIRECTION('',(0.,-1.,0.));
#1730=DIRECTION('',(0.766044443118978,0.,0.642787609686539));
#1731=DIRECTION('center_axis',(0.,-1.,0.));
#1732=DIRECTION('ref_axis',(0.906307787036649,0.,-0.4226182617407));
#1733=DIRECTION('',(0.,-1.,0.));
#1734=DIRECTION('center_axis',(0.,-1.,0.));
#1735=DIRECTION('ref_axis',(0.906307787036649,0.,-0.4226182617407));
#1736=DIRECTION('center_axis',(0.,1.,0.));
#1737=DIRECTION('ref_axis',(0.,0.,1.));
#1738=DIRECTION('',(1.,0.,0.));
#1739=DIRECTION('',(0.,0.,1.));
#1740=DIRECTION('',(-0.109340479152898,0.,0.994004355935433));
#1741=DIRECTION('',(-1.,0.,0.));
#1742=DIRECTION('center_axis',(0.,-1.,0.));
#1743=DIRECTION('ref_axis',(0.461352736641989,0.,-0.887216801234595));
#1744=DIRECTION('center_axis',(0.,1.,0.));
#1745=DIRECTION('ref_axis',(-0.628053561756527,0.,-0.778170112228001));
#1746=DIRECTION('',(-1.,0.,0.));
#1747=DIRECTION('center_axis',(0.,-1.,0.));
#1748=DIRECTION('ref_axis',(0.707106781186547,0.,0.707106781186547));
#1749=DIRECTION('',(0.,0.,1.));
#1750=DIRECTION('center_axis',(0.,-1.,0.));
#1751=DIRECTION('ref_axis',(0.923879532511287,0.,-0.38268343236509));
#1752=DIRECTION('',(0.707106781186548,0.,0.707106781186548));
#1753=DIRECTION('center_axis',(0.,-1.,0.));
#1754=DIRECTION('ref_axis',(0.237469154592133,0.,0.971395079572312));
#1755=DIRECTION('',(0.,1.,0.));
#1756=DIRECTION('center_axis',(0.326225648598522,0.707106781186548,0.627357016535619));
#1757=DIRECTION('ref_axis',(0.326225648598522,-0.707106781186547,0.62735701653562));
#1758=DIRECTION('center_axis',(0.46135273664199,0.,0.887216801234595));
#1759=DIRECTION('ref_axis',(0.887216801234595,0.,-0.46135273664199));
#1760=DIRECTION('',(0.887216801234595,0.,-0.46135273664199));
#1761=DIRECTION('',(0.887216801234595,0.,-0.46135273664199));
#1762=DIRECTION('center_axis',(0.,0.707106781186543,-0.707106781186552));
#1763=DIRECTION('ref_axis',(-1.,0.,0.));
#1764=DIRECTION('',(0.,-0.707106781186552,-0.707106781186543));
#1765=DIRECTION('',(0.28108463771482,-0.678598344545847,-0.678598344545847));
#1766=DIRECTION('center_axis',(0.,0.707106781186544,0.707106781186551));
#1767=DIRECTION('ref_axis',(1.,0.,0.));
#1768=DIRECTION('center_axis',(0.,-0.707106781186544,-0.707106781186551));
#1769=DIRECTION('ref_axis',(0.,0.707106781186551,-0.707106781186544));
#1770=DIRECTION('',(-4.90653893338676E-16,0.707106781186551,-0.707106781186544));
#1771=DIRECTION('center_axis',(0.,-1.,0.));
#1772=DIRECTION('ref_axis',(0.707106781186547,0.,0.707106781186547));
#1773=DIRECTION('',(-0.707106781186547,0.707106781186548,0.));
#1774=DIRECTION('center_axis',(0.,1.,0.));
#1775=DIRECTION('ref_axis',(0.707106781186548,0.,0.707106781186548));
#1776=DIRECTION('center_axis',(0.707106781186544,0.707106781186551,0.));
#1777=DIRECTION('ref_axis',(0.,0.,-1.));
#1778=DIRECTION('',(-0.707106781186551,0.707106781186544,0.));
#1779=DIRECTION('',(0.,0.,-1.));
#1780=DIRECTION('center_axis',(0.,-1.,0.));
#1781=DIRECTION('ref_axis',(0.923879532511287,0.,-0.38268343236509));
#1782=DIRECTION('',(-0.5,0.707106781186548,0.5));
#1783=DIRECTION('center_axis',(0.,1.,0.));
#1784=DIRECTION('ref_axis',(0.923879532511287,0.,-0.38268343236509));
#1785=DIRECTION('center_axis',(0.5,0.707106781186547,-0.5));
#1786=DIRECTION('ref_axis',(-0.707106781186548,0.,-0.707106781186548));
#1787=DIRECTION('',(-0.707106781186548,0.,-0.707106781186548));
#1788=DIRECTION('center_axis',(0.707106781186548,0.,-0.707106781186548));
#1789=DIRECTION('ref_axis',(-0.707106781186548,0.,-0.707106781186548));
#1790=DIRECTION('',(0.,1.,0.));
#1791=DIRECTION('',(-0.707106781186548,0.,-0.707106781186548));
#1792=DIRECTION('center_axis',(0.,-1.,0.));
#1793=DIRECTION('ref_axis',(0.923879532511287,0.,-0.38268343236509));
#1794=DIRECTION('',(0.,1.,0.));
#1795=DIRECTION('center_axis',(0.,1.,0.));
#1796=DIRECTION('ref_axis',(0.923879532511287,0.,-0.38268343236509));
#1797=DIRECTION('center_axis',(1.,0.,0.));
#1798=DIRECTION('ref_axis',(0.,0.,-1.));
#1799=DIRECTION('',(0.,1.,0.));
#1800=DIRECTION('',(0.,0.,-1.));
#1801=DIRECTION('center_axis',(0.,-1.,0.));
#1802=DIRECTION('ref_axis',(0.707106781186548,0.,0.707106781186548));
#1803=DIRECTION('center_axis',(0.,1.,0.));
#1804=DIRECTION('ref_axis',(0.707106781186548,0.,0.707106781186548));
#1805=DIRECTION('center_axis',(0.,1.,0.));
#1806=DIRECTION('ref_axis',(-0.707106781186547,0.,0.707106781186548));
#1807=DIRECTION('center_axis',(0.0616236022513306,-0.996195293750748,-0.0616236022513306));
#1808=DIRECTION('ref_axis',(-0.704416447597279,-0.0871489340661169,0.704416447597279));
#1809=DIRECTION('center_axis',(-0.0616236022513306,-0.996195293750748,-0.0616236022513306));
#1810=DIRECTION('ref_axis',(0.704416447597279,-0.0871489340661169,0.704416447597279));
#1811=DIRECTION('center_axis',(0.,1.,0.));
#1812=DIRECTION('ref_axis',(0.707106781186547,0.,0.707106781186547));
#1813=DIRECTION('center_axis',(-0.0616236022513306,-0.996195293750748,0.0616236022513305));
#1814=DIRECTION('ref_axis',(0.704416447597279,-0.0871489340661168,-0.704416447597279));
#1815=DIRECTION('center_axis',(0.,1.,0.));
#1816=DIRECTION('ref_axis',(0.707106781186548,0.,-0.707106781186547));
#1817=DIRECTION('center_axis',(0.0616236022513306,-0.996195293750748,0.0616236022513305));
#1818=DIRECTION('ref_axis',(-0.704416447597279,-0.0871489340661169,-0.704416447597279));
#1819=DIRECTION('center_axis',(0.,1.,0.));
#1820=DIRECTION('ref_axis',(-0.707106781186547,0.,-0.707106781186547));
#1821=DIRECTION('center_axis',(0.447213595499958,-0.774596669241483,0.447213595499958));
#1822=DIRECTION('ref_axis',(-0.547722557505166,-0.632455532033676,-0.547722557505166));
#1823=DIRECTION('center_axis',(-2.00308613164954E-16,-1.15648231731787E-16,
-1.));
#1824=DIRECTION('ref_axis',(0.5,-0.866025403784439,2.24553208101946E-17));
#1825=DIRECTION('',(-0.447213595499958,0.774596669241483,-0.447213595499958));
#1826=DIRECTION('center_axis',(0.,1.,0.));
#1827=DIRECTION('ref_axis',(-0.707106781186548,0.,-0.707106781186548));
#1828=DIRECTION('',(0.447213595499958,-0.774596669241483,0.447213595499958));
#1829=DIRECTION('center_axis',(-1.,-8.95807351031096E-17,5.1719461525985E-17));
#1830=DIRECTION('ref_axis',(7.25593970724322E-17,-0.866025403784439,0.5));
#1831=DIRECTION('center_axis',(0.447213595499958,-0.774596669241484,-0.447213595499958));
#1832=DIRECTION('ref_axis',(-0.547722557505166,-0.632455532033676,0.547722557505166));
#1833=DIRECTION('center_axis',(1.,0.,0.));
#1834=DIRECTION('ref_axis',(0.,-0.866025403784439,-0.5));
#1835=DIRECTION('',(-0.447213595499958,0.774596669241483,0.447213595499958));
#1836=DIRECTION('center_axis',(0.,1.,0.));
#1837=DIRECTION('ref_axis',(-0.707106781186547,0.,0.707106781186548));
#1838=DIRECTION('',(0.447213595499958,-0.774596669241484,-0.447213595499958));
#1839=DIRECTION('center_axis',(0.,-1.,0.));
#1840=DIRECTION('ref_axis',(1.,0.,0.));
#1841=DIRECTION('center_axis',(0.,1.,0.));
#1842=DIRECTION('ref_axis',(-1.,0.,0.));
#1843=DIRECTION('center_axis',(0.,1.,0.));
#1844=DIRECTION('ref_axis',(0.642787609686539,0.,-0.766044443118978));
#1845=DIRECTION('center_axis',(0.,1.,0.));
#1846=DIRECTION('ref_axis',(0.854796097511562,0.,0.518963998442093));
#1847=DIRECTION('',(0.,-1.,0.));
#1848=DIRECTION('center_axis',(0.,-1.,0.));
#1849=DIRECTION('ref_axis',(0.854796097511562,0.,0.518963998442093));
#1850=DIRECTION('',(0.,1.,0.));
#1851=DIRECTION('center_axis',(-1.,0.,0.));
#1852=DIRECTION('ref_axis',(0.,0.,1.));
#1853=DIRECTION('',(0.,0.,1.));
#1854=DIRECTION('center_axis',(0.,0.707106781186547,0.707106781186548));
#1855=DIRECTION('ref_axis',(1.,0.,0.));
#1856=DIRECTION('',(-0.577350269189626,0.577350269189626,-0.577350269189626));
#1857=DIRECTION('',(1.,0.,0.));
#1858=DIRECTION('',(-0.577350269189626,-0.577350269189626,0.577350269189626));
#1859=DIRECTION('center_axis',(0.707106781186548,0.707106781186547,0.));
#1860=DIRECTION('ref_axis',(0.,0.,-1.));
#1861=DIRECTION('',(-0.577350269189626,0.577350269189626,0.577350269189626));
#1862=DIRECTION('',(0.,0.,-1.));
#1863=DIRECTION('',(0.577350269189626,-0.577350269189626,0.577350269189626));
#1864=DIRECTION('center_axis',(-0.707106781186548,0.707106781186547,9.81307786677359E-17));
#1865=DIRECTION('ref_axis',(1.38777878078145E-16,0.,1.));
#1866=DIRECTION('',(-0.577350269189626,-0.577350269189626,-0.577350269189626));
#1867=DIRECTION('',(0.577350269189626,0.577350269189626,-0.577350269189626));
#1868=DIRECTION('',(1.38777878078145E-16,0.,1.));
#1869=DIRECTION('center_axis',(0.,0.707106781186547,-0.707106781186548));
#1870=DIRECTION('ref_axis',(-1.,0.,0.));
#1871=DIRECTION('',(0.577350269189626,-0.577350269189626,-0.577350269189626));
#1872=DIRECTION('',(0.577350269189626,0.577350269189626,0.577350269189626));
#1873=DIRECTION('',(-1.,0.,0.));
#1874=DIRECTION('center_axis',(0.577350269189626,0.577350269189626,-0.577350269189626));
#1875=DIRECTION('ref_axis',(-0.408248290463863,0.816496580927726,0.408248290463863));
#1876=DIRECTION('center_axis',(0.,-1.,0.));
#1877=DIRECTION('ref_axis',(-0.707106781186547,0.,0.707106781186547));
#1878=DIRECTION('center_axis',(-0.577350269189626,-0.577350269189625,0.577350269189626));
#1879=DIRECTION('ref_axis',(-0.707106781186547,0.707106781186548,0.));
#1880=DIRECTION('center_axis',(-0.577350269189626,0.577350269189626,-0.577350269189626));
#1881=DIRECTION('ref_axis',(0.408248290463863,0.816496580927726,0.408248290463863));
#1882=DIRECTION('center_axis',(0.,-1.,0.));
#1883=DIRECTION('ref_axis',(0.707106781186547,0.,0.707106781186548));
#1884=DIRECTION('center_axis',(-0.577350269189626,0.577350269189625,-0.577350269189626));
#1885=DIRECTION('ref_axis',(0.,0.707106781186548,0.707106781186547));
#1886=DIRECTION('center_axis',(-0.577350269189626,0.577350269189626,0.577350269189626));
#1887=DIRECTION('ref_axis',(0.408248290463863,0.816496580927726,-0.408248290463863));
#1888=DIRECTION('center_axis',(0.,-1.,0.));
#1889=DIRECTION('ref_axis',(0.707106781186547,0.,-0.707106781186547));
#1890=DIRECTION('center_axis',(0.577350269189626,-0.577350269189626,-0.577350269189626));
#1891=DIRECTION('ref_axis',(0.707106781186547,0.707106781186548,0.));
#1892=DIRECTION('center_axis',(0.577350269189626,0.577350269189626,0.577350269189626));
#1893=DIRECTION('ref_axis',(-0.408248290463863,0.816496580927726,-0.408248290463863));
#1894=DIRECTION('center_axis',(0.,-1.,0.));
#1895=DIRECTION('ref_axis',(-0.707106781186547,0.,-0.707106781186548));
#1896=DIRECTION('center_axis',(0.577350269189626,0.577350269189626,0.577350269189626));
#1897=DIRECTION('ref_axis',(0.,0.707106781186548,-0.707106781186547));
#1898=DIRECTION('center_axis',(0.,0.,1.));
#1899=DIRECTION('ref_axis',(1.,0.,0.));
#1900=DIRECTION('center_axis',(0.,-1.,0.));
#1901=DIRECTION('ref_axis',(0.707106781186547,0.,0.707106781186547));
#1902=DIRECTION('',(0.,0.5,-0.866025403784439));
#1903=DIRECTION('center_axis',(0.,1.,0.));
#1904=DIRECTION('ref_axis',(0.707106781186548,0.,0.707106781186548));
#1905=DIRECTION('',(-0.866025403784438,0.500000000000001,0.));
#1906=DIRECTION('center_axis',(0.,-1.,0.));
#1907=DIRECTION('ref_axis',(0.707106781186547,0.,0.707106781186547));
#1908=DIRECTION('center_axis',(0.500000000000001,0.866025403784438,0.));
#1909=DIRECTION('ref_axis',(0.,0.,-1.));
#1910=DIRECTION('',(0.,0.,-1.));
#1911=DIRECTION('',(-0.866025403784438,0.500000000000001,0.));
#1912=DIRECTION('',(0.,0.,1.));
#1913=DIRECTION('center_axis',(0.,-1.,0.));
#1914=DIRECTION('ref_axis',(0.923879532511287,0.,-0.38268343236509));
#1915=DIRECTION('center_axis',(0.,1.,0.));
#1916=DIRECTION('ref_axis',(0.923879532511287,0.,-0.38268343236509));
#1917=DIRECTION('',(-0.612372435695794,0.500000000000001,0.612372435695794));
#1918=DIRECTION('center_axis',(0.,-1.,0.));
#1919=DIRECTION('ref_axis',(0.923879532511287,0.,-0.38268343236509));
#1920=DIRECTION('center_axis',(0.353553390593274,0.866025403784438,-0.353553390593274));
#1921=DIRECTION('ref_axis',(-0.707106781186548,0.,-0.707106781186548));
#1922=DIRECTION('',(0.707106781186548,0.,0.707106781186548));
#1923=DIRECTION('',(-0.707106781186548,0.,-0.707106781186548));
#1924=DIRECTION('',(-0.337652210855069,0.4706354705355,0.81516454681157));
#1925=DIRECTION('center_axis',(0.707106781186548,-5.88784672006415E-16,
-0.707106781186548));
#1926=DIRECTION('ref_axis',(-0.707106781186548,0.,-0.707106781186548));
#1927=DIRECTION('',(8.32667268468867E-16,1.,-1.39452223873684E-31));
#1928=DIRECTION('',(-0.707106781186548,0.,-0.707106781186548));
#1929=DIRECTION('center_axis',(0.,-0.5,0.866025403784439));
#1930=DIRECTION('ref_axis',(-1.,0.,0.));
#1931=DIRECTION('',(-0.447213595499958,-0.774596669241483,-0.447213595499958));
#1932=DIRECTION('',(1.,0.,0.));
#1933=DIRECTION('center_axis',(0.866025403784439,-0.5,0.));
#1934=DIRECTION('ref_axis',(0.,0.,1.));
#1935=DIRECTION('',(-0.447213595499958,-0.774596669241483,0.447213595499958));
#1936=DIRECTION('',(0.,0.,-1.));
#1937=DIRECTION('',(0.447213595499958,0.774596669241483,0.447213595499958));
#1938=DIRECTION('center_axis',(-0.447213595499958,-0.774596669241483,-0.447213595499958));
#1939=DIRECTION('ref_axis',(0.547722557505166,-0.632455532033676,0.547722557505166));
#1940=DIRECTION('center_axis',(0.,0.,-1.));
#1941=DIRECTION('ref_axis',(-0.5,-0.866025403784439,0.));
#1942=DIRECTION('center_axis',(0.,1.,0.));
#1943=DIRECTION('ref_axis',(0.707106781186548,0.,0.707106781186548));
#1944=DIRECTION('center_axis',(0.,-0.5,-0.866025403784439));
#1945=DIRECTION('ref_axis',(1.,0.,0.));
#1946=DIRECTION('',(-1.,0.,0.));
#1947=DIRECTION('',(0.447213595499958,0.774596669241483,-0.447213595499958));
#1948=DIRECTION('center_axis',(-0.447213595499958,-0.774596669241483,0.447213595499958));
#1949=DIRECTION('ref_axis',(0.547722557505166,-0.632455532033676,-0.547722557505166));
#1950=DIRECTION('center_axis',(0.,1.,0.));
#1951=DIRECTION('ref_axis',(0.707106781186548,0.,-0.707106781186547));
#1952=DIRECTION('center_axis',(-0.866025403784439,-0.5,8.19444326583905E-17));
#1953=DIRECTION('ref_axis',(-9.46212805078258E-17,0.,-1.));
#1954=DIRECTION('',(0.,0.,-1.));
#1955=DIRECTION('center_axis',(8.32667268468867E-16,1.,0.));
#1956=DIRECTION('ref_axis',(0.707106781186548,0.,0.707106781186548));
#1957=DIRECTION('center_axis',(0.,1.,0.));
#1958=DIRECTION('ref_axis',(0.707106781186548,0.,0.707106781186548));
#1959=DIRECTION('',(8.32667268468867E-16,1.,0.));
#1960=DIRECTION('center_axis',(1.,-8.32667268468867E-16,0.));
#1961=DIRECTION('ref_axis',(8.32667268468867E-16,1.,0.));
#1962=DIRECTION('',(0.,0.,1.));
#1963=DIRECTION('',(-8.32667268468867E-16,-1.,1.39452223873684E-31));
#1964=DIRECTION('center_axis',(-8.32667268468867E-16,-1.,1.39452223873684E-31));
#1965=DIRECTION('ref_axis',(0.923879532511287,0.,-0.38268343236509));
#1966=DIRECTION('center_axis',(0.,1.,0.));
#1967=DIRECTION('ref_axis',(0.923879532511287,0.,-0.38268343236509));
#1968=DIRECTION('center_axis',(0.,0.866025403784439,0.5));
#1969=DIRECTION('ref_axis',(1.,0.,0.));
#1970=DIRECTION('',(-1.,0.,0.));
#1971=DIRECTION('center_axis',(0.,0.866025403784439,0.5));
#1972=DIRECTION('ref_axis',(-6.00925839494864E-17,0.5,-0.866025403784438));
#1973=DIRECTION('center_axis',(0.,1.,0.));
#1974=DIRECTION('ref_axis',(-1.,0.,0.));
#1975=DIRECTION('',(1.,0.,0.));
#1976=DIRECTION('',(-0.109340479152898,0.,0.994004355935433));
#1977=DIRECTION('',(-1.,0.,0.));
#1978=DIRECTION('center_axis',(0.,-1.,0.));
#1979=DIRECTION('ref_axis',(0.461352736641989,0.,-0.887216801234595));
#1980=DIRECTION('center_axis',(0.,1.,0.));
#1981=DIRECTION('ref_axis',(-0.628053561756527,0.,-0.778170112228001));
#1982=DIRECTION('center_axis',(0.,0.866025403784439,-0.5));
#1983=DIRECTION('ref_axis',(-1.,0.,0.));
#1984=DIRECTION('',(0.,0.5,0.866025403784438));
#1985=DIRECTION('',(-0.0948334594478398,0.497746575821762,0.862122358616726));
#1986=DIRECTION('center_axis',(1.,0.,0.));
#1987=DIRECTION('ref_axis',(0.,1.,0.));
#1988=DIRECTION('',(0.,0.608120402411343,0.793844806099446));
#1989=DIRECTION('',(0.,0.,-1.));
#1990=DIRECTION('',(0.,1.,0.));
#1991=DIRECTION('center_axis',(0.454519477672044,0.707106781186548,-0.541675220419702));
#1992=DIRECTION('ref_axis',(-0.766044443118978,0.,-0.642787609686539));
#1993=DIRECTION('',(-0.454519477672044,0.707106781186548,0.541675220419702));
#1994=DIRECTION('center_axis',(0.,-1.,0.));
#1995=DIRECTION('ref_axis',(0.642787609686539,0.,-0.766044443118978));
#1996=DIRECTION('center_axis',(0.,1.,0.));
#1997=DIRECTION('ref_axis',(0.642787609686539,0.,-0.766044443118978));
#1998=DIRECTION('',(0.,1.,0.));
#1999=DIRECTION('center_axis',(0.,-1.,0.));
#2000=DIRECTION('ref_axis',(0.642787609686539,0.,-0.766044443118978));
#2001=DIRECTION('center_axis',(0.,-1.,0.));
#2002=DIRECTION('ref_axis',(0.642787609686539,0.,-0.766044443118978));
#2003=DIRECTION('',(-0.694697436290897,0.707106781186547,0.131891895167424));
#2004=DIRECTION('',(0.686665238661172,-0.707106781186547,0.168792328067349));
#2005=DIRECTION('center_axis',(0.326225648598522,0.707106781186548,0.627357016535619));
#2006=DIRECTION('ref_axis',(0.887216801234595,0.,-0.46135273664199));
#2007=DIRECTION('center_axis',(0.326225648598522,0.707106781186548,0.627357016535619));
#2008=DIRECTION('ref_axis',(-0.326225648598522,0.707106781186547,-0.627357016535619));
#2009=DIRECTION('',(0.326225648598522,-0.707106781186548,0.627357016535619));
#2010=DIRECTION('center_axis',(0.,-1.,0.));
#2011=DIRECTION('ref_axis',(-0.495979662025572,0.,-0.868334137793165));
#2012=DIRECTION('center_axis',(0.,-1.,0.));
#2013=DIRECTION('ref_axis',(-0.495979662025572,0.,-0.868334137793165));
#2014=DIRECTION('center_axis',(0.,-1.,0.));
#2015=DIRECTION('ref_axis',(1.,0.,0.));
#2016=DIRECTION('center_axis',(0.,-1.,0.));
#2017=DIRECTION('ref_axis',(-0.628053561756527,0.,-0.778170112228001));
#2018=DIRECTION('center_axis',(0.,1.,0.));
#2019=DIRECTION('ref_axis',(0.461352736641989,0.,-0.887216801234595));
#2020=DIRECTION('',(1.,0.,0.));
#2021=DIRECTION('',(0.109340479152898,0.,-0.994004355935433));
#2022=DIRECTION('',(0.,0.,-1.));
#2023=DIRECTION('center_axis',(0.46135273664199,0.,0.887216801234595));
#2024=DIRECTION('ref_axis',(0.887216801234595,0.,-0.46135273664199));
#2025=DIRECTION('',(0.,-1.,0.));
#2026=DIRECTION('',(-0.887216801234595,0.,0.46135273664199));
#2027=DIRECTION('center_axis',(0.,-1.,0.));
#2028=DIRECTION('ref_axis',(0.237469154592133,0.,0.971395079572312));
#2029=DIRECTION('center_axis',(0.,-1.,0.));
#2030=DIRECTION('ref_axis',(0.237469154592133,0.,0.971395079572312));
#2031=DIRECTION('center_axis',(0.,-1.,0.));
#2032=DIRECTION('ref_axis',(-0.628053561756527,0.,-0.778170112228001));
#2033=DIRECTION('',(0.,1.,0.));
#2034=DIRECTION('center_axis',(0.,-1.,0.));
#2035=DIRECTION('ref_axis',(0.461352736641989,0.,-0.887216801234595));
#2036=DIRECTION('',(0.,1.,0.));
#2037=DIRECTION('center_axis',(0.,0.,1.));
#2038=DIRECTION('ref_axis',(1.,0.,0.));
#2039=DIRECTION('',(0.,-1.,0.));
#2040=DIRECTION('center_axis',(1.,0.,0.));
#2041=DIRECTION('ref_axis',(0.,1.,0.));
#2042=DIRECTION('',(0.,1.,0.));
#2043=DIRECTION('center_axis',(0.994004355935433,0.,0.109340479152898));
#2044=DIRECTION('ref_axis',(0.109340479152898,0.,-0.994004355935433));
#2045=DIRECTION('center_axis',(0.,1.,0.));
#2046=DIRECTION('ref_axis',(-0.628053561756527,0.,-0.778170112228001));
#2047=DIRECTION('center_axis',(0.,1.,0.));
#2048=DIRECTION('ref_axis',(-0.628053561756527,0.,-0.778170112228001));
#2049=DIRECTION('',(0.,1.,0.));
#2050=DIRECTION('center_axis',(0.,1.,0.));
#2051=DIRECTION('ref_axis',(0.461352736641989,0.,-0.887216801234595));
#2052=DIRECTION('center_axis',(0.,-1.,0.));
#2053=DIRECTION('ref_axis',(0.461352736641989,0.,-0.887216801234595));
#2054=DIRECTION('',(0.,1.,0.));
#2055=DIRECTION('center_axis',(0.,0.,1.));
#2056=DIRECTION('ref_axis',(1.,0.,0.));
#2057=DIRECTION('',(-1.,0.,0.));
#2058=DIRECTION('',(0.,1.,0.));
#2059=DIRECTION('center_axis',(0.994004355935433,0.,0.109340479152898));
#2060=DIRECTION('ref_axis',(0.109340479152898,0.,-0.994004355935433));
#2061=DIRECTION('',(-0.109340479152898,0.,0.994004355935433));
#2062=DIRECTION('',(0.,1.,0.));
#2063=DIRECTION('center_axis',(1.,0.,0.));
#2064=DIRECTION('ref_axis',(0.,0.,-1.));
#2065=DIRECTION('',(0.,0.,1.));
#2066=DIRECTION('center_axis',(0.,-1.,0.));
#2067=DIRECTION('ref_axis',(1.,0.,0.));
#2068=DIRECTION('center_axis',(0.,-1.,0.));
#2069=DIRECTION('ref_axis',(1.,0.,0.));
#2070=CARTESIAN_POINT('',(0.,0.,0.));
#2071=CARTESIAN_POINT('Origin',(153.1,59.5,0.));
#2072=CARTESIAN_POINT('',(153.1,20.05,3.));
#2073=CARTESIAN_POINT('',(153.1,20.05,0.));
#2074=CARTESIAN_POINT('',(153.1,20.05,0.));
#2075=CARTESIAN_POINT('',(153.1,30.05,3.));
#2076=CARTESIAN_POINT('',(153.1,47.,3.));
#2077=CARTESIAN_POINT('',(153.1,30.05,0.));
#2078=CARTESIAN_POINT('',(153.1,30.05,0.));
#2079=CARTESIAN_POINT('',(153.1,47.,0.));
#2080=CARTESIAN_POINT('Origin',(155.,34.5,3.));
#2081=CARTESIAN_POINT('',(153.355538030215,20.05,3.));
#2082=CARTESIAN_POINT('',(153.5,20.05,3.));
#2083=CARTESIAN_POINT('',(153.355538030215,20.859159914795,3.));
#2084=CARTESIAN_POINT('',(153.355538030215,19.7,3.));
#2085=CARTESIAN_POINT('',(153.355538030215,22.7,3.));
#2086=CARTESIAN_POINT('',(153.355538030215,59.5,3.));
#2087=CARTESIAN_POINT('',(156.6,22.7,3.));
#2088=CARTESIAN_POINT('',(154.6,22.7,3.));
#2089=CARTESIAN_POINT('',(156.6,24.65,3.));
#2090=CARTESIAN_POINT('',(156.6,25.,3.));
#2091=CARTESIAN_POINT('',(153.355537832124,24.65,3.));
#2092=CARTESIAN_POINT('',(154.55,24.65,3.));
#2093=CARTESIAN_POINT('',(153.355538030215,27.8,3.));
#2094=CARTESIAN_POINT('',(153.355538030215,40.5,3.));
#2095=CARTESIAN_POINT('',(156.4,27.8,3.));
#2096=CARTESIAN_POINT('',(155.,27.8,3.));
#2097=CARTESIAN_POINT('',(156.4,28.5,3.));
#2098=CARTESIAN_POINT('',(156.4,21.65,3.));
#2099=CARTESIAN_POINT('',(153.355538030215,28.5,3.));
#2100=CARTESIAN_POINT('',(156.1,28.5,3.));
#2101=CARTESIAN_POINT('',(153.355538030215,29.6,3.));
#2102=CARTESIAN_POINT('',(153.355538030215,22.45,3.));
#2103=CARTESIAN_POINT('',(153.355538030215,30.05,3.));
#2104=CARTESIAN_POINT('',(153.355538030215,29.8,3.));
#2105=CARTESIAN_POINT('',(155.75,30.05,3.));
#2106=CARTESIAN_POINT('Origin',(152.,20.05,0.));
#2107=CARTESIAN_POINT('',(154.4,20.05,0.));
#2108=CARTESIAN_POINT('',(153.5,20.05,0.));
#2109=CARTESIAN_POINT('',(156.028557521937,20.05,1.36652201600858));
#2110=CARTESIAN_POINT('',(154.1208110934,20.05,-0.234267308556979));
#2111=CARTESIAN_POINT('',(156.1,20.05,1.51973090463238));
#2112=CARTESIAN_POINT('Origin',(155.9,20.05,1.51973090463238));
#2113=CARTESIAN_POINT('',(156.1,20.05,1.57857595514231));
#2114=CARTESIAN_POINT('',(156.1,20.05,0.));
#2115=CARTESIAN_POINT('',(155.992270547328,20.05,1.75601931538923));
#2116=CARTESIAN_POINT('Origin',(155.9,20.05,1.57857595514231));
#2117=CARTESIAN_POINT('',(153.816890766857,20.05,2.8872168012346));
#2118=CARTESIAN_POINT('',(154.209256926952,20.05,2.68318639798489));
#2119=CARTESIAN_POINT('Origin',(153.355538030215,20.05,2.));
#2120=CARTESIAN_POINT('Origin',(155.9,15.75,1.57857595514231));
#2121=CARTESIAN_POINT('',(156.1,20.1,1.57857595514231));
#2122=CARTESIAN_POINT('',(156.1,15.75,1.57857595514231));
#2123=CARTESIAN_POINT('',(155.992270547328,20.1,1.75601931538923));
#2124=CARTESIAN_POINT('Origin',(155.9,20.1,1.57857595514231));
#2125=CARTESIAN_POINT('',(155.992270547328,19.7,1.75601931538923));
#2126=CARTESIAN_POINT('Origin',(156.1,9.50000000000001,0.));
#2127=CARTESIAN_POINT('',(156.1,20.1,1.51973090463238));
#2128=CARTESIAN_POINT('',(156.1,15.75,1.51973090463238));
#2129=CARTESIAN_POINT('',(156.1,20.1,0.));
#2130=CARTESIAN_POINT('Origin',(155.9,15.75,1.51973090463238));
#2131=CARTESIAN_POINT('',(156.028557521937,20.1,1.36652201600858));
#2132=CARTESIAN_POINT('',(156.028557521937,19.7,1.36652201600858));
#2133=CARTESIAN_POINT('Origin',(155.9,20.1,1.51973090463238));
#2134=CARTESIAN_POINT('Origin',(155.25,22.,0.713234686500688));
#2135=CARTESIAN_POINT('',(154.4,20.5286548683762,0.));
#2136=CARTESIAN_POINT('',(154.4,22.,0.));
#2137=CARTESIAN_POINT('',(154.794155459403,20.5286548683762,0.33073570061168));
#2138=CARTESIAN_POINT('',(155.169535419988,20.5286548683762,0.645716887089389));
#2139=CARTESIAN_POINT('',(155.000000003304,20.5043188564949,0.503459784251866));
#2140=CARTESIAN_POINT('Ctrl Pts',(155.000000006609,20.5043188564949,0.503459784251861));
#2141=CARTESIAN_POINT('Ctrl Pts',(154.997597647016,20.5048822741217,0.501443965203749));
#2142=CARTESIAN_POINT('Ctrl Pts',(154.995193570406,20.5054365494883,0.499426705406892));
#2143=CARTESIAN_POINT('Ctrl Pts',(154.930157550701,20.5201712048566,0.444855005260016));
#2144=CARTESIAN_POINT('Ctrl Pts',(154.867340755439,20.5278940954582,0.392145455527934));
#2145=CARTESIAN_POINT('Ctrl Pts',(154.800557850709,20.5286370745782,0.336107944799999));
#2146=CARTESIAN_POINT('Ctrl Pts',(154.797355825079,20.5286548683762,0.333421126270303));
#2147=CARTESIAN_POINT('Ctrl Pts',(154.794155459403,20.5286548683762,0.330735700611646));
#2148=CARTESIAN_POINT('',(155.715049057905,20.1,1.10345717946785));
#2149=CARTESIAN_POINT('Ctrl Pts',(155.715049057905,20.1,1.10345717946785));
#2150=CARTESIAN_POINT('Ctrl Pts',(155.549625626214,20.2366296468927,0.964650438947878));
#2151=CARTESIAN_POINT('Ctrl Pts',(155.394260484769,20.3431748603304,0.834283606188885));
#2152=CARTESIAN_POINT('Ctrl Pts',(155.164242576941,20.4543462269697,0.641275664565944));
#2153=CARTESIAN_POINT('Ctrl Pts',(155.083151019421,20.4848177185132,0.573231768434474));
#2154=CARTESIAN_POINT('Ctrl Pts',(155.00000000473,20.5043188569354,0.503459782675632));
#2155=CARTESIAN_POINT('',(155.441165293275,20.1,0.873641413581753));
#2156=CARTESIAN_POINT('Origin',(155.,34.5,0.));
#2157=CARTESIAN_POINT('',(154.400559376961,30.05,0.));
#2158=CARTESIAN_POINT('',(155.75,30.05,0.));
#2159=CARTESIAN_POINT('',(154.400559376961,29.6,0.));
#2160=CARTESIAN_POINT('',(154.400559376961,22.65,0.));
#2161=CARTESIAN_POINT('',(154.4,29.6,0.));
#2162=CARTESIAN_POINT('',(154.863884507554,29.6,0.));
#2163=CARTESIAN_POINT('',(154.4,28.5,0.));
#2164=CARTESIAN_POINT('',(154.4,25.05,0.));
#2165=CARTESIAN_POINT('',(156.8,28.5,0.));
#2166=CARTESIAN_POINT('',(156.5,28.5,0.));
#2167=CARTESIAN_POINT('',(156.8,27.8,0.));
#2168=CARTESIAN_POINT('',(156.8,21.65,0.));
#2169=CARTESIAN_POINT('',(154.4,27.8,0.));
#2170=CARTESIAN_POINT('',(154.6,27.8,0.));
#2171=CARTESIAN_POINT('',(154.4,24.65,0.));
#2172=CARTESIAN_POINT('',(154.4,28.5000004246831,0.));
#2173=CARTESIAN_POINT('',(157.,24.65,0.));
#2174=CARTESIAN_POINT('',(154.55,24.65,0.));
#2175=CARTESIAN_POINT('',(157.,22.7,0.));
#2176=CARTESIAN_POINT('',(157.,25.,0.));
#2177=CARTESIAN_POINT('',(154.4,22.7,0.));
#2178=CARTESIAN_POINT('',(155.,22.7,0.));
#2179=CARTESIAN_POINT('',(154.4,28.5000004246831,0.));
#2180=CARTESIAN_POINT('Origin',(156.5,30.05,0.));
#2181=CARTESIAN_POINT('',(153.816890766857,30.05,2.8872168012346));
#2182=CARTESIAN_POINT('Origin',(153.355538030215,30.05,2.));
#2183=CARTESIAN_POINT('',(155.992270547328,30.05,1.75601931538923));
#2184=CARTESIAN_POINT('',(155.980352644836,30.05,1.76221662468514));
#2185=CARTESIAN_POINT('',(156.1,30.05,1.57857595514231));
#2186=CARTESIAN_POINT('Origin',(155.9,30.05,1.57857595514231));
#2187=CARTESIAN_POINT('',(156.1,30.05,1.519261531631));
#2188=CARTESIAN_POINT('',(156.1,30.05,0.));
#2189=CARTESIAN_POINT('',(156.028557521937,30.05,1.3660526430072));
#2190=CARTESIAN_POINT('Origin',(155.9,30.05,1.519261531631));
#2191=CARTESIAN_POINT('',(155.441420698058,30.05,0.873386350639487));
#2192=CARTESIAN_POINT('Origin',(155.25027968848,23.15,0.713));
#2193=CARTESIAN_POINT('',(156.028557521937,29.6,1.3660526430072));
#2194=CARTESIAN_POINT('',(156.028557521937,29.8,1.3660526430072));
#2195=CARTESIAN_POINT('',(155.290729688982,29.6,0.746941580501679));
#2196=CARTESIAN_POINT('Origin',(155.9,26.975,1.519261531631));
#2197=CARTESIAN_POINT('',(156.1,29.6,1.519261531631));
#2198=CARTESIAN_POINT('',(156.1,26.975,1.519261531631));
#2199=CARTESIAN_POINT('Origin',(155.9,29.6,1.519261531631));
#2200=CARTESIAN_POINT('Origin',(154.1,25.05,1.57322431954056));
#2201=CARTESIAN_POINT('',(154.4,25.05,0.4));
#2202=CARTESIAN_POINT('',(156.834314575051,25.05,0.4));
#2203=CARTESIAN_POINT('',(154.55,25.05,0.4));
#2204=CARTESIAN_POINT('',(154.4,25.05,0.5));
#2205=CARTESIAN_POINT('',(154.4,25.05,0.786612159770278));
#2206=CARTESIAN_POINT('',(154.29,25.05,1.5));
#2207=CARTESIAN_POINT('',(154.312385053281,25.05,1.29649951563114));
#2208=CARTESIAN_POINT('',(154.267338159612,25.05,1.5));
#2209=CARTESIAN_POINT('',(153.988884507554,25.05,1.5));
#2210=CARTESIAN_POINT('',(154.006975652841,25.05,2.0447190785596));
#2211=CARTESIAN_POINT('Origin',(153.567338159612,25.05,1.5));
#2212=CARTESIAN_POINT('',(153.531643989725,25.05,2.6));
#2213=CARTESIAN_POINT('Origin',(155.263082776354,25.05,3.6010593030156));
#2214=CARTESIAN_POINT('',(156.6,25.05,2.6));
#2215=CARTESIAN_POINT('',(154.55,25.05,2.6));
#2216=CARTESIAN_POINT('',(157.4,25.05,1.8));
#2217=CARTESIAN_POINT('Origin',(156.6,25.05,1.8));
#2218=CARTESIAN_POINT('',(157.4,25.05,1.29705627484771));
#2219=CARTESIAN_POINT('',(157.4,25.05,0.786612159770278));
#2220=CARTESIAN_POINT('',(157.165685424949,25.05,0.731370849898477));
#2221=CARTESIAN_POINT('Origin',(156.6,25.05,1.29705627484771));
#2222=CARTESIAN_POINT('',(156.585463367411,25.05,0.151148792359758));
#2223=CARTESIAN_POINT('Origin',(153.355538030215,28.25,2.));
#2224=CARTESIAN_POINT('',(153.816890766857,20.7463767160296,2.8872168012346));
#2225=CARTESIAN_POINT('',(153.816890766857,19.7,2.8872168012346));
#2226=CARTESIAN_POINT('Origin',(153.355538030215,21.7463767160296,2.));
#2227=CARTESIAN_POINT('Origin',(154.85,22.,2.35));
#2228=CARTESIAN_POINT('',(155.69346649654,20.1,1.9113974217993));
#2229=CARTESIAN_POINT('',(155.980352644836,20.1,1.76221662468514));
#2230=CARTESIAN_POINT('',(154.999999999999,20.5896679706342,2.27200000000091));
#2231=CARTESIAN_POINT('Ctrl Pts',(154.999999999999,20.5896679706339,2.27200000000061));
#2232=CARTESIAN_POINT('Ctrl Pts',(155.053047140578,20.5622761476166,2.24441548689946));
#2233=CARTESIAN_POINT('Ctrl Pts',(155.104988074335,20.532455019634,2.21740620134569));
#2234=CARTESIAN_POINT('Ctrl Pts',(155.340290949767,20.3871076204912,2.09504870612118));
#2235=CARTESIAN_POINT('Ctrl Pts',(155.527553206896,20.2405224051833,1.997672332414));
#2236=CARTESIAN_POINT('Ctrl Pts',(155.69346649654,20.1,1.9113974217993));
#2237=CARTESIAN_POINT('',(154.426755572001,20.7463767160296,2.5700871025597));
#2238=CARTESIAN_POINT('Ctrl Pts',(154.426755572,20.7463767160304,2.57008710255905));
#2239=CARTESIAN_POINT('Ctrl Pts',(154.46984137297,20.7463766672657,2.54768254101859));
#2240=CARTESIAN_POINT('Ctrl Pts',(154.512692523627,20.7435545586267,2.525226041682));
#2241=CARTESIAN_POINT('Ctrl Pts',(154.555597495415,20.7379572984293,2.5026951425517));
#2242=CARTESIAN_POINT('Ctrl Pts',(154.586206566488,20.7339641263549,2.48662125031767));
#2243=CARTESIAN_POINT('Ctrl Pts',(154.616508511327,20.7285981946539,2.470689741812));
#2244=CARTESIAN_POINT('Ctrl Pts',(154.646583932608,20.7219766558804,2.45488096129424));
#2245=CARTESIAN_POINT('Ctrl Pts',(154.676887553151,20.7153048757403,2.43895223060123));
#2246=CARTESIAN_POINT('Ctrl Pts',(154.706960715988,20.7073583622364,2.42314710890558));
#2247=CARTESIAN_POINT('Ctrl Pts',(154.736837543552,20.698256954916,2.40746643571186));
#2248=CARTESIAN_POINT('Ctrl Pts',(154.75327980612,20.6932481323231,2.39883681312718));
#2249=CARTESIAN_POINT('Ctrl Pts',(154.769661796873,20.6878895286993,2.39024534272747));
#2250=CARTESIAN_POINT('Ctrl Pts',(154.785983931143,20.6822011187994,2.38169636297266));
#2251=CARTESIAN_POINT('Ctrl Pts',(154.815263499862,20.6719969270065,2.36636071899006));
#2252=CARTESIAN_POINT('Ctrl Pts',(154.844332239599,20.660729905617,2.35118421069888));
#2253=CARTESIAN_POINT('Ctrl Pts',(154.873192614883,20.6485526124286,2.33613804730098));
#2254=CARTESIAN_POINT('Ctrl Pts',(154.902953569226,20.635995330583,2.32062237304089));
#2255=CARTESIAN_POINT('Ctrl Pts',(154.932492280944,20.6224700810788,2.30524470338987));
#2256=CARTESIAN_POINT('Ctrl Pts',(154.961768744498,20.6081441535566,2.29000883523901));
#2257=CARTESIAN_POINT('Ctrl Pts',(154.974074109754,20.6021227373953,2.28360495649729));
#2258=CARTESIAN_POINT('Ctrl Pts',(154.986332698046,20.5959598690381,2.27722660051919));
#2259=CARTESIAN_POINT('Ctrl Pts',(154.998539825354,20.5896679706339,2.27087615698488));
#2260=CARTESIAN_POINT('',(155.1790302267,20.7463767160296,2.17890428211587));
#2261=CARTESIAN_POINT('Origin',(154.55,24.85,0.2));
#2262=CARTESIAN_POINT('',(154.4,24.85,0.200000000000001));
#2263=CARTESIAN_POINT('',(156.834314575051,25.05,0.4));
#2264=CARTESIAN_POINT('Origin',(154.55,24.85,2.8));
#2265=CARTESIAN_POINT('Origin',(155.263082776354,24.0489406969844,3.6010593030156));
#2266=CARTESIAN_POINT('',(156.6,24.65,3.));
#2267=CARTESIAN_POINT('Origin',(156.6,24.85,1.8));
#2268=CARTESIAN_POINT('',(157.8,24.65,1.8));
#2269=CARTESIAN_POINT('',(157.8,24.65,1.8));
#2270=CARTESIAN_POINT('Origin',(156.6,24.65,1.8));
#2271=CARTESIAN_POINT('Origin',(157.6,24.85,0.786612159770278));
#2272=CARTESIAN_POINT('',(157.8,24.65,1.29705627484771));
#2273=CARTESIAN_POINT('',(157.8,24.65,1.29705627484771));
#2274=CARTESIAN_POINT('',(157.8,24.65,0.786612159770278));
#2275=CARTESIAN_POINT('Origin',(156.6,24.85,1.29705627484771));
#2276=CARTESIAN_POINT('',(157.448528137424,24.65,0.448528137423858));
#2277=CARTESIAN_POINT('',(157.448528137424,24.65,0.448528137423858));
#2278=CARTESIAN_POINT('Origin',(156.6,24.65,1.29705627484771));
#2279=CARTESIAN_POINT('Origin',(156.726884723648,24.85,0.00972743612244852));
#2280=CARTESIAN_POINT('',(156.868306079885,24.65,-0.131693920114861));
#2281=CARTESIAN_POINT('Origin',(157.4,28.6,0.4));
#2282=CARTESIAN_POINT('',(157.448528137424,22.7,0.448528137423857));
#2283=CARTESIAN_POINT('',(157.448528137424,25.,0.448528137423858));
#2284=CARTESIAN_POINT('',(156.6,22.7,-0.4));
#2285=CARTESIAN_POINT('Origin',(156.6,25.65,1.29705627484771));
#2286=CARTESIAN_POINT('',(157.8,22.7,1.29705627484771));
#2287=CARTESIAN_POINT('',(157.8,25.,1.29705627484771));
#2288=CARTESIAN_POINT('Origin',(156.6,22.7,1.29705627484771));
#2289=CARTESIAN_POINT('Origin',(157.8,22.7,0.));
#2290=CARTESIAN_POINT('',(157.8,22.7,1.8));
#2291=CARTESIAN_POINT('',(157.8,28.6,1.8));
#2292=CARTESIAN_POINT('',(157.8,22.7,0.));
#2293=CARTESIAN_POINT('Origin',(156.6,28.6,1.8));
#2294=CARTESIAN_POINT('Origin',(156.6,22.7,1.8));
#2295=CARTESIAN_POINT('Ctrl Pts',(155.592207925363,27.04,1.45451454083562));
#2296=CARTESIAN_POINT('Ctrl Pts',(155.670887600816,27.04,1.72460350442105));
#2297=CARTESIAN_POINT('Ctrl Pts',(155.875396495579,27.04,1.92911239918365));
#2298=CARTESIAN_POINT('Ctrl Pts',(156.145485459164,27.04,2.00779207463694));
#2299=CARTESIAN_POINT('Ctrl Pts',(155.531430613121,27.04,1.4722195930474));
#2300=CARTESIAN_POINT('Ctrl Pts',(155.620979309999,27.0401439608032,1.75990166300715));
#2301=CARTESIAN_POINT('Ctrl Pts',(155.840098336993,27.0401439608032,1.97902069000105));
#2302=CARTESIAN_POINT('Ctrl Pts',(156.127780406953,27.04,2.06856938687872));
#2303=CARTESIAN_POINT('Ctrl Pts',(155.471442111658,27.0721151758535,1.48969485661772));
#2304=CARTESIAN_POINT('Ctrl Pts',(155.571393508561,27.0664061594812,1.7947972388913));
#2305=CARTESIAN_POINT('Ctrl Pts',(155.805202761109,27.0664061594812,2.02860649143938));
#2306=CARTESIAN_POINT('Ctrl Pts',(156.110305143382,27.0721151758535,2.12855788834238));
#2307=CARTESIAN_POINT('Ctrl Pts',(155.436066959438,27.1235909291991,1.5));
#2308=CARTESIAN_POINT('Ctrl Pts',(155.538138941508,27.1103297047157,1.81645038477723));
#2309=CARTESIAN_POINT('Ctrl Pts',(155.783549615223,27.1103297047157,2.06186105849235));
#2310=CARTESIAN_POINT('Ctrl Pts',(156.1,27.1235909291991,2.16393304056158));
#2311=CARTESIAN_POINT('',(155.606797393898,27.04,1.5));
#2312=CARTESIAN_POINT('',(156.1,27.04,1.99320260610178));
#2313=CARTESIAN_POINT('Origin',(156.708956796801,27.04,0.891043203198708));
#2314=CARTESIAN_POINT('',(156.1,27.1235909291991,2.16393304056159));
#2315=CARTESIAN_POINT('Ctrl Pts',(156.100042547297,27.04,1.99315506563497));
#2316=CARTESIAN_POINT('Ctrl Pts',(156.100042352764,27.040000107524,1.99346220870372));
#2317=CARTESIAN_POINT('Ctrl Pts',(156.100042164517,27.0400008852668,1.99376933577444));
#2318=CARTESIAN_POINT('Ctrl Pts',(156.100041982428,27.0400023323048,1.99407644503459));
#2319=CARTESIAN_POINT('Ctrl Pts',(156.100033599964,27.0400689467618,2.00821423280785));
#2320=CARTESIAN_POINT('Ctrl Pts',(156.10003732891,27.0415494847279,2.02227708245128));
#2321=CARTESIAN_POINT('Ctrl Pts',(156.100043866335,27.044358084543,2.03608994853476));
#2322=CARTESIAN_POINT('Ctrl Pts',(156.100046453258,27.0454694749866,2.04155583487474));
#2323=CARTESIAN_POINT('Ctrl Pts',(156.100049393412,27.0467893749618,2.04698241230907));
#2324=CARTESIAN_POINT('Ctrl Pts',(156.100051909234,27.048314473414,2.05235786276185));
#2325=CARTESIAN_POINT('Ctrl Pts',(156.100058139515,27.0520912867797,2.0656698381862));
#2326=CARTESIAN_POINT('Ctrl Pts',(156.10006265668,27.0571013053652,2.07859224548459));
#2327=CARTESIAN_POINT('Ctrl Pts',(156.100060803937,27.0632813529015,2.09094724589971));
#2328=CARTESIAN_POINT('Ctrl Pts',(156.100060027005,27.0658729050941,2.09612821388204));
#2329=CARTESIAN_POINT('Ctrl Pts',(156.10005819493,27.0686707079974,2.10120906679668));
#2330=CARTESIAN_POINT('Ctrl Pts',(156.100055410044,27.0716720923963,2.10617479812226));
#2331=CARTESIAN_POINT('Ctrl Pts',(156.100049098091,27.0784747409818,2.11742964611525));
#2332=CARTESIAN_POINT('Ctrl Pts',(156.100039100302,27.0862648599488,2.1280028887425));
#2333=CARTESIAN_POINT('Ctrl Pts',(156.100026861723,27.0949867067761,2.13773090525378));
#2334=CARTESIAN_POINT('Ctrl Pts',(156.100014750989,27.1036174450321,2.14735730272683));
#2335=CARTESIAN_POINT('Ctrl Pts',(156.1,27.1131611676044,2.15615725379911));
#2336=CARTESIAN_POINT('Ctrl Pts',(156.1,27.1235909291991,2.16393304056158));
#2337=CARTESIAN_POINT('',(155.436066959438,27.1235909291991,1.5));
#2338=CARTESIAN_POINT('Origin',(156.708956796801,27.24,0.891043203198708));
#2339=CARTESIAN_POINT('Ctrl Pts',(155.436066959438,27.1235909291991,1.5));
#2340=CARTESIAN_POINT('Ctrl Pts',(155.443924829657,27.1130510680217,1.5));
#2341=CARTESIAN_POINT('Ctrl Pts',(155.452828516913,27.1034160086467,1.49998496975867));
#2342=CARTESIAN_POINT('Ctrl Pts',(155.462574229241,27.0947136869788,1.49997275511355));
#2343=CARTESIAN_POINT('Ctrl Pts',(155.472218137679,27.0861022699224,1.49996066806284));
#2344=CARTESIAN_POINT('Ctrl Pts',(155.482687922233,27.0784036803902,1.49995083597394));
#2345=CARTESIAN_POINT('Ctrl Pts',(155.493825201878,27.0716720923963,1.49994458995576));
#2346=CARTESIAN_POINT('Ctrl Pts',(155.505666929678,27.0645147222639,1.49993794886841));
#2347=CARTESIAN_POINT('Ctrl Pts',(155.518160608195,27.05851256314,1.49993740053391));
#2348=CARTESIAN_POINT('Ctrl Pts',(155.531114379639,27.0537123279696,1.49994141966789));
#2349=CARTESIAN_POINT('Ctrl Pts',(155.536546437336,27.0516993887635,1.49994310505873));
#2350=CARTESIAN_POINT('Ctrl Pts',(155.542059869643,27.0498982490891,1.49994547814869));
#2351=CARTESIAN_POINT('Ctrl Pts',(155.547642137238,27.048314473414,1.4999480907655));
#2352=CARTESIAN_POINT('Ctrl Pts',(155.561226462382,27.0444603902196,1.4999544485109));
#2353=CARTESIAN_POINT('Ctrl Pts',(155.575135502988,27.0419136016296,1.49996328210157));
#2354=CARTESIAN_POINT('Ctrl Pts',(155.589186430205,27.0407410168643,1.49996297090591));
#2355=CARTESIAN_POINT('Ctrl Pts',(155.594746519666,27.0402770135929,1.49996284776274));
#2356=CARTESIAN_POINT('Ctrl Pts',(155.600329093932,27.0400286922976,1.49996133459529));
#2357=CARTESIAN_POINT('Ctrl Pts',(155.605923554965,27.0400023323048,1.49995801757228));
#2358=CARTESIAN_POINT('Ctrl Pts',(155.606230664226,27.0400008852668,1.49995783548351));
#2359=CARTESIAN_POINT('Ctrl Pts',(155.606537791296,27.040000107524,1.49995764723607));
#2360=CARTESIAN_POINT('Ctrl Pts',(155.606844934365,27.04,1.4999574527034));
#2361=CARTESIAN_POINT('Ctrl Pts',(156.054514540836,27.04,2.00779207463695));
#2362=CARTESIAN_POINT('Ctrl Pts',(156.324603504421,27.04,1.92911239918365));
#2363=CARTESIAN_POINT('Ctrl Pts',(156.529112399184,27.04,1.72460350442105));
#2364=CARTESIAN_POINT('Ctrl Pts',(156.607792074637,27.04,1.45451454083562));
#2365=CARTESIAN_POINT('Ctrl Pts',(156.072219593047,27.04,2.06856938687872));
#2366=CARTESIAN_POINT('Ctrl Pts',(156.359901663007,27.0401439608032,1.97902069000105));
#2367=CARTESIAN_POINT('Ctrl Pts',(156.579020690001,27.0401439608032,1.75990166300715));
#2368=CARTESIAN_POINT('Ctrl Pts',(156.668569386879,27.04,1.4722195930474));
#2369=CARTESIAN_POINT('Ctrl Pts',(156.089694856618,27.0721151758535,2.12855788834238));
#2370=CARTESIAN_POINT('Ctrl Pts',(156.394797238891,27.0664061594812,2.02860649143938));
#2371=CARTESIAN_POINT('Ctrl Pts',(156.628606491439,27.0664061594812,1.79479723889129));
#2372=CARTESIAN_POINT('Ctrl Pts',(156.728557888342,27.0721151758535,1.48969485661772));
#2373=CARTESIAN_POINT('Ctrl Pts',(156.1,27.1235909291991,2.16393304056158));
#2374=CARTESIAN_POINT('Ctrl Pts',(156.416450384777,27.1103297047157,2.06186105849235));
#2375=CARTESIAN_POINT('Ctrl Pts',(156.661861058492,27.1103297047157,1.81645038477723));
#2376=CARTESIAN_POINT('Ctrl Pts',(156.763933040562,27.1235909291991,1.5));
#2377=CARTESIAN_POINT('',(156.763933040562,27.1235909291991,1.5));
#2378=CARTESIAN_POINT('Origin',(155.491043203199,27.24,0.891043203198708));
#2379=CARTESIAN_POINT('',(156.593202606102,27.04,1.5));
#2380=CARTESIAN_POINT('Origin',(155.491043203199,27.04,0.891043203198708));
#2381=CARTESIAN_POINT('Ctrl Pts',(156.593155065635,27.04,1.4999574527034));
#2382=CARTESIAN_POINT('Ctrl Pts',(156.593462208704,27.040000107524,1.49995764723607));
#2383=CARTESIAN_POINT('Ctrl Pts',(156.593769335774,27.0400008852668,1.49995783548351));
#2384=CARTESIAN_POINT('Ctrl Pts',(156.594076445035,27.0400023323048,1.49995801757228));
#2385=CARTESIAN_POINT('Ctrl Pts',(156.608214232808,27.0400689467618,1.49996640003613));
#2386=CARTESIAN_POINT('Ctrl Pts',(156.622277082451,27.0415494847278,1.49996267108975));
#2387=CARTESIAN_POINT('Ctrl Pts',(156.636089948534,27.0443580845428,1.49995613366484));
#2388=CARTESIAN_POINT('Ctrl Pts',(156.641555834874,27.0454694749864,1.4999535467418));
#2389=CARTESIAN_POINT('Ctrl Pts',(156.646982412309,27.0467893749617,1.49995060658761));
#2390=CARTESIAN_POINT('Ctrl Pts',(156.652357862762,27.048314473414,1.49994809076551));
#2391=CARTESIAN_POINT('Ctrl Pts',(156.665669838186,27.0520912867797,1.49994186048541));
#2392=CARTESIAN_POINT('Ctrl Pts',(156.678592245485,27.0571013053652,1.49993734331978));
#2393=CARTESIAN_POINT('Ctrl Pts',(156.6909472459,27.0632813529015,1.49993919606271));
#2394=CARTESIAN_POINT('Ctrl Pts',(156.696128213882,27.0658729050941,1.49993997299525));
#2395=CARTESIAN_POINT('Ctrl Pts',(156.701209066797,27.0686707079974,1.49994180507031));
#2396=CARTESIAN_POINT('Ctrl Pts',(156.706174798122,27.0716720923963,1.49994458995577));
#2397=CARTESIAN_POINT('Ctrl Pts',(156.717429646115,27.0784747409818,1.49995090190872));
#2398=CARTESIAN_POINT('Ctrl Pts',(156.728002888742,27.0862648599488,1.49996089969807));
#2399=CARTESIAN_POINT('Ctrl Pts',(156.737730905254,27.0949867067761,1.49997313827666));
#2400=CARTESIAN_POINT('Ctrl Pts',(156.747357302727,27.1036174450321,1.49998524901084));
#2401=CARTESIAN_POINT('Ctrl Pts',(156.756157253799,27.1131611676044,1.5));
#2402=CARTESIAN_POINT('Ctrl Pts',(156.763933040562,27.1235909291991,1.5));
#2403=CARTESIAN_POINT('Ctrl Pts',(156.607792074637,27.04,1.54548545916438));
#2404=CARTESIAN_POINT('Ctrl Pts',(156.529112399184,27.04,1.27539649557895));
#2405=CARTESIAN_POINT('Ctrl Pts',(156.324603504421,27.04,1.07088760081635));
#2406=CARTESIAN_POINT('Ctrl Pts',(156.054514540836,27.04,0.992207925363055));
#2407=CARTESIAN_POINT('Ctrl Pts',(156.668569386879,27.04,1.5277804069526));
#2408=CARTESIAN_POINT('Ctrl Pts',(156.579020690001,27.0401439608032,1.24009833699285));
#2409=CARTESIAN_POINT('Ctrl Pts',(156.359901663007,27.0401439608032,1.02097930999895));
#2410=CARTESIAN_POINT('Ctrl Pts',(156.072219593047,27.04,0.931430613121279));
#2411=CARTESIAN_POINT('Ctrl Pts',(156.728557888342,27.0721151758535,1.51030514338228));
#2412=CARTESIAN_POINT('Ctrl Pts',(156.628606491439,27.0664061594812,1.2052027611087));
#2413=CARTESIAN_POINT('Ctrl Pts',(156.394797238891,27.0664061594812,0.971393508560622));
#2414=CARTESIAN_POINT('Ctrl Pts',(156.089694856618,27.0721151758535,0.871442111657619));
#2415=CARTESIAN_POINT('Ctrl Pts',(156.763933040562,27.1235909291991,1.5));
#2416=CARTESIAN_POINT('Ctrl Pts',(156.661861058492,27.1103297047157,1.18354961522277));
#2417=CARTESIAN_POINT('Ctrl Pts',(156.416450384777,27.1103297047157,0.93813894150765));
#2418=CARTESIAN_POINT('Ctrl Pts',(156.1,27.1235909291991,0.836066959438415));
#2419=CARTESIAN_POINT('',(156.1,27.1235909291991,0.836066959438411));
#2420=CARTESIAN_POINT('Origin',(155.491043203199,27.24,2.10895679680129));
#2421=CARTESIAN_POINT('',(156.1,27.04,1.00679739389822));
#2422=CARTESIAN_POINT('Origin',(155.491043203199,27.04,2.10895679680129));
#2423=CARTESIAN_POINT('Ctrl Pts',(156.099957452703,27.04,1.00684493436503));
#2424=CARTESIAN_POINT('Ctrl Pts',(156.099957647236,27.040000107524,1.00653779129628));
#2425=CARTESIAN_POINT('Ctrl Pts',(156.099957835483,27.0400008852668,1.00623066422556));
#2426=CARTESIAN_POINT('Ctrl Pts',(156.099958017572,27.0400023323048,1.00592355496541));
#2427=CARTESIAN_POINT('Ctrl Pts',(156.099966400036,27.0400689467618,0.991785767192654));
#2428=CARTESIAN_POINT('Ctrl Pts',(156.09996267109,27.0415494847278,0.977722917549724));
#2429=CARTESIAN_POINT('Ctrl Pts',(156.099956133665,27.0443580845427,0.963910051466725));
#2430=CARTESIAN_POINT('Ctrl Pts',(156.099953546742,27.0454694749863,0.958444165126247));
#2431=CARTESIAN_POINT('Ctrl Pts',(156.099950606588,27.0467893749616,0.953017587691417));
#2432=CARTESIAN_POINT('Ctrl Pts',(156.099948090766,27.048314473414,0.94764213723815));
#2433=CARTESIAN_POINT('Ctrl Pts',(156.099941860485,27.0520912867796,0.93433016181393));
#2434=CARTESIAN_POINT('Ctrl Pts',(156.09993734332,27.0571013053651,0.921407754515663));
#2435=CARTESIAN_POINT('Ctrl Pts',(156.099939196063,27.0632813529013,0.909052754100663));
#2436=CARTESIAN_POINT('Ctrl Pts',(156.099939972995,27.0658729050939,0.903871786118198));
#2437=CARTESIAN_POINT('Ctrl Pts',(156.09994180507,27.0686707079973,0.89879093320344));
#2438=CARTESIAN_POINT('Ctrl Pts',(156.099944589956,27.0716720923963,0.893825201877748));
#2439=CARTESIAN_POINT('Ctrl Pts',(156.099950901909,27.0784747409819,0.882570353884585));
#2440=CARTESIAN_POINT('Ctrl Pts',(156.099960899698,27.086264859949,0.871997111257173));
#2441=CARTESIAN_POINT('Ctrl Pts',(156.099973138277,27.0949867067765,0.862269094745764));
#2442=CARTESIAN_POINT('Ctrl Pts',(156.099985249011,27.1036174450324,0.852642697272895));
#2443=CARTESIAN_POINT('Ctrl Pts',(156.1,27.1131611676045,0.843842746200767));
#2444=CARTESIAN_POINT('Ctrl Pts',(156.1,27.1235909291991,0.836066959438416));
#2445=CARTESIAN_POINT('Ctrl Pts',(156.145485459164,27.04,0.992207925363055));
#2446=CARTESIAN_POINT('Ctrl Pts',(155.875396495579,27.04,1.07088760081635));
#2447=CARTESIAN_POINT('Ctrl Pts',(155.670887600816,27.04,1.27539649557895));
#2448=CARTESIAN_POINT('Ctrl Pts',(155.592207925363,27.04,1.54548545916438));
#2449=CARTESIAN_POINT('Ctrl Pts',(156.127780406953,27.04,0.931430613121279));
#2450=CARTESIAN_POINT('Ctrl Pts',(155.840098336993,27.0401439608032,1.02097930999895));
#2451=CARTESIAN_POINT('Ctrl Pts',(155.620979309999,27.0401439608032,1.24009833699285));
#2452=CARTESIAN_POINT('Ctrl Pts',(155.531430613121,27.04,1.5277804069526));
#2453=CARTESIAN_POINT('Ctrl Pts',(156.110305143382,27.0721151758535,0.871442111657619));
#2454=CARTESIAN_POINT('Ctrl Pts',(155.805202761109,27.0664061594812,0.971393508560622));
#2455=CARTESIAN_POINT('Ctrl Pts',(155.571393508561,27.0664061594812,1.20520276110871));
#2456=CARTESIAN_POINT('Ctrl Pts',(155.471442111658,27.0721151758535,1.51030514338228));
#2457=CARTESIAN_POINT('Ctrl Pts',(156.1,27.1235909291991,0.836066959438416));
#2458=CARTESIAN_POINT('Ctrl Pts',(155.783549615223,27.1103297047157,0.938138941507651));
#2459=CARTESIAN_POINT('Ctrl Pts',(155.538138941508,27.1103297047157,1.18354961522277));
#2460=CARTESIAN_POINT('Ctrl Pts',(155.436066959438,27.1235909291991,1.5));
#2461=CARTESIAN_POINT('Origin',(156.708956796801,27.24,2.10895679680129));
#2462=CARTESIAN_POINT('Origin',(156.708956796801,27.04,2.10895679680129));
#2463=CARTESIAN_POINT('Origin',(156.051384387633,28.3789488223348,1.45138438763306));
#2464=CARTESIAN_POINT('',(155.060769515459,27.6947441116742,1.5));
#2465=CARTESIAN_POINT('Origin',(156.1,28.2947441116742,1.5));
#2466=CARTESIAN_POINT('',(155.,27.8,1.43923048454133));
#2467=CARTESIAN_POINT('',(155.012153903092,27.7789488223348,1.45138438763306));
#2468=CARTESIAN_POINT('',(156.039230484541,27.8,0.4));
#2469=CARTESIAN_POINT('Origin',(156.385640646055,27.8,1.7856406460551));
#2470=CARTESIAN_POINT('',(156.1,27.6947441116742,0.460769515458674));
#2471=CARTESIAN_POINT('',(156.051384387633,27.7789488223348,0.412153903091735));
#2472=CARTESIAN_POINT('Origin',(156.1,28.2947441116742,1.5));
#2473=CARTESIAN_POINT('Origin',(156.051384387633,28.3789488223348,1.54861561236694));
#2474=CARTESIAN_POINT('',(156.1,27.6947441116742,2.53923048454133));
#2475=CARTESIAN_POINT('Origin',(156.1,28.2947441116742,1.5));
#2476=CARTESIAN_POINT('',(156.039230484541,27.8,2.6));
#2477=CARTESIAN_POINT('',(156.051384387633,27.7789488223348,2.58784609690827));
#2478=CARTESIAN_POINT('',(155.,27.8,1.56076951545867));
#2479=CARTESIAN_POINT('Origin',(156.385640646055,27.8,1.2143593539449));
#2480=CARTESIAN_POINT('',(155.012153903092,27.7789488223348,1.54861561236694));
#2481=CARTESIAN_POINT('Origin',(156.1,27.04,1.5));
#2482=CARTESIAN_POINT('Origin',(156.5,20.1,0.));
#2483=CARTESIAN_POINT('Origin',(153.848393039223,20.1,1.45785146260229));
#2484=CARTESIAN_POINT('Origin',(155.9,26.975,1.57857595514231));
#2485=CARTESIAN_POINT('',(155.992270547328,29.6,1.75601931538923));
#2486=CARTESIAN_POINT('',(155.992270547328,30.4,1.75601931538923));
#2487=CARTESIAN_POINT('',(156.1,29.6,1.57857595514231));
#2488=CARTESIAN_POINT('Origin',(155.9,29.6,1.57857595514231));
#2489=CARTESIAN_POINT('',(156.1,26.975,1.57857595514231));
#2490=CARTESIAN_POINT('Origin',(156.1,30.8,0.));
#2491=CARTESIAN_POINT('',(156.1,29.6,0.75));
#2492=CARTESIAN_POINT('Origin',(157.1,22.7,2.5));
#2493=CARTESIAN_POINT('',(156.392893218813,22.7,2.5));
#2494=CARTESIAN_POINT('',(156.1,22.9928932188135,2.20710678118655));
#2495=CARTESIAN_POINT('',(156.295262145876,22.7976310729378,2.40236892706218));
#2496=CARTESIAN_POINT('',(155.807106781187,22.7,2.5));
#2497=CARTESIAN_POINT('',(155.85,22.7,2.5));
#2498=CARTESIAN_POINT('',(155.904737854124,22.7976310729378,2.40236892706218));
#2499=CARTESIAN_POINT('Origin',(157.1,22.7,0.5));
#2500=CARTESIAN_POINT('',(157.1,22.7,1.20710678118655));
#2501=CARTESIAN_POINT('',(156.807106781187,22.9928932188135,1.5));
#2502=CARTESIAN_POINT('',(157.002368927062,22.7976310729378,1.30473785412437));
#2503=CARTESIAN_POINT('',(157.1,22.7,1.79289321881345));
#2504=CARTESIAN_POINT('',(157.1,22.7,0.25));
#2505=CARTESIAN_POINT('',(157.002368927062,22.7976310729378,1.69526214587564));
#2506=CARTESIAN_POINT('Origin',(155.1,22.7,2.5));
#2507=CARTESIAN_POINT('',(155.392893218813,22.9928932188135,1.5));
#2508=CARTESIAN_POINT('',(155.1,22.7,1.20710678118655));
#2509=CARTESIAN_POINT('',(155.197631072938,22.7976310729378,1.30473785412437));
#2510=CARTESIAN_POINT('',(155.1,22.7,1.79289321881345));
#2511=CARTESIAN_POINT('',(155.197631072938,22.7976310729378,1.69526214587564));
#2512=CARTESIAN_POINT('',(155.1,22.7,1.25));
#2513=CARTESIAN_POINT('Origin',(155.1,22.7,0.5));
#2514=CARTESIAN_POINT('',(156.1,22.9928932188135,0.792893218813452));
#2515=CARTESIAN_POINT('',(156.392893218813,22.7,0.499999999999999));
#2516=CARTESIAN_POINT('',(156.295262145876,22.7976310729378,0.597631072937817));
#2517=CARTESIAN_POINT('',(155.807106781187,22.7,0.499999999999999));
#2518=CARTESIAN_POINT('',(155.904737854124,22.7976310729378,0.597631072937818));
#2519=CARTESIAN_POINT('',(154.85,22.7,0.499999999999999));
#2520=CARTESIAN_POINT('Origin',(155.904737854124,22.0905242917513,1.69526214587564));
#2521=CARTESIAN_POINT('Origin',(156.514213562373,22.7,1.08578643762691));
#2522=CARTESIAN_POINT('Origin',(156.1,22.2857864376269,1.5));
#2523=CARTESIAN_POINT('Origin',(156.295262145876,22.0905242917513,1.69526214587564));
#2524=CARTESIAN_POINT('Origin',(155.685786437627,22.7,1.08578643762691));
#2525=CARTESIAN_POINT('Origin',(156.1,22.2857864376269,1.5));
#2526=CARTESIAN_POINT('Origin',(156.295262145876,22.0905242917513,1.30473785412437));
#2527=CARTESIAN_POINT('Origin',(155.685786437627,22.7,1.91421356237309));
#2528=CARTESIAN_POINT('Origin',(156.1,22.2857864376269,1.5));
#2529=CARTESIAN_POINT('Origin',(155.904737854124,22.0905242917513,1.30473785412437));
#2530=CARTESIAN_POINT('Origin',(156.514213562373,22.7,1.9142135623731));
#2531=CARTESIAN_POINT('Origin',(156.1,22.2857864376269,1.5));
#2532=CARTESIAN_POINT('Origin',(156.1,22.2857864376269,1.5));
#2533=CARTESIAN_POINT('Origin',(156.4,28.75,1.8));
#2534=CARTESIAN_POINT('',(156.4,29.,2.13397459621557));
#2535=CARTESIAN_POINT('',(156.4,28.5,3.));
#2536=CARTESIAN_POINT('',(157.6,28.5,1.8));
#2537=CARTESIAN_POINT('Origin',(156.4,28.5,1.8));
#2538=CARTESIAN_POINT('',(156.733974596216,29.,1.8));
#2539=CARTESIAN_POINT('',(157.6,28.5,1.8));
#2540=CARTESIAN_POINT('Origin',(156.4,29.,1.8));
#2541=CARTESIAN_POINT('Origin',(157.166987298108,28.75,0.));
#2542=CARTESIAN_POINT('',(157.6,28.5,1.29705627484771));
#2543=CARTESIAN_POINT('',(157.6,28.5,0.));
#2544=CARTESIAN_POINT('',(156.733974596216,29.,1.29705627484771));
#2545=CARTESIAN_POINT('',(157.6,28.5,1.29705627484771));
#2546=CARTESIAN_POINT('',(156.733974596216,29.,0.));
#2547=CARTESIAN_POINT('Origin',(156.4,28.75,1.29705627484771));
#2548=CARTESIAN_POINT('',(157.248528137424,28.5,0.448528137423857));
#2549=CARTESIAN_POINT('Origin',(156.4,28.5,1.29705627484771));
#2550=CARTESIAN_POINT('',(156.636155701728,29.,1.06090057311965));
#2551=CARTESIAN_POINT('',(157.248528137424,28.5,0.448528137423857));
#2552=CARTESIAN_POINT('Origin',(156.4,29.,1.29705627484771));
#2553=CARTESIAN_POINT('Origin',(156.893813782152,28.75,0.706186217847894));
#2554=CARTESIAN_POINT('',(156.441280532393,29.,0.866025403784435));
#2555=CARTESIAN_POINT('',(156.587627564304,29.,1.01237243569579));
#2556=CARTESIAN_POINT('',(157.2,28.5,0.399999999999999));
#2557=CARTESIAN_POINT('',(156.8,28.5,0.));
#2558=CARTESIAN_POINT('Origin',(157.2,21.65,0.4));
#2559=CARTESIAN_POINT('',(157.248528137424,27.8,0.448528137423857));
#2560=CARTESIAN_POINT('',(157.248528137424,24.725,0.448528137423857));
#2561=CARTESIAN_POINT('',(156.45,27.8,-0.35));
#2562=CARTESIAN_POINT('Origin',(155.,27.8,2.6));
#2563=CARTESIAN_POINT('',(156.160769515459,27.8,2.6));
#2564=CARTESIAN_POINT('',(156.148615612367,27.7789488223348,2.58784609690827));
#2565=CARTESIAN_POINT('',(154.8,27.8,2.6));
#2566=CARTESIAN_POINT('Origin',(157.2,27.8,2.6));
#2567=CARTESIAN_POINT('',(157.2,27.8,1.43923048454133));
#2568=CARTESIAN_POINT('',(157.139230484541,27.6947441116742,1.5));
#2569=CARTESIAN_POINT('',(157.187846096908,27.7789488223348,1.45138438763306));
#2570=CARTESIAN_POINT('',(157.2,27.8,1.56076951545867));
#2571=CARTESIAN_POINT('',(157.2,27.8,1.3));
#2572=CARTESIAN_POINT('',(157.187846096908,27.7789488223348,1.54861561236694));
#2573=CARTESIAN_POINT('Origin',(156.148615612367,28.3789488223348,1.54861561236694));
#2574=CARTESIAN_POINT('Origin',(156.1,28.2947441116742,1.5));
#2575=CARTESIAN_POINT('Origin',(155.814359353945,27.8,1.2143593539449));
#2576=CARTESIAN_POINT('Origin',(157.2,27.8,0.4));
#2577=CARTESIAN_POINT('',(156.160769515459,27.8,0.4));
#2578=CARTESIAN_POINT('',(155.9,27.8,0.4));
#2579=CARTESIAN_POINT('',(156.148615612367,27.7789488223348,0.412153903091735));
#2580=CARTESIAN_POINT('Origin',(156.148615612367,28.3789488223348,1.45138438763306));
#2581=CARTESIAN_POINT('Origin',(155.814359353945,27.8,1.7856406460551));
#2582=CARTESIAN_POINT('Origin',(155.,27.8,0.4));
#2583=CARTESIAN_POINT('',(155.,27.8,0.786612159770278));
#2584=CARTESIAN_POINT('Origin',(156.4,21.65,1.8));
#2585=CARTESIAN_POINT('',(157.6,27.8,1.8));
#2586=CARTESIAN_POINT('Origin',(156.4,27.8,1.8));
#2587=CARTESIAN_POINT('',(157.6,21.65,1.8));
#2588=CARTESIAN_POINT('Origin',(157.6,27.8,0.));
#2589=CARTESIAN_POINT('',(157.6,27.8,1.29705627484771));
#2590=CARTESIAN_POINT('',(157.6,27.8,0.));
#2591=CARTESIAN_POINT('',(157.6,24.725,1.29705627484771));
#2592=CARTESIAN_POINT('Origin',(156.4,24.725,1.29705627484771));
#2593=CARTESIAN_POINT('Origin',(156.4,27.8,1.29705627484771));
#2594=CARTESIAN_POINT('Origin',(156.5,28.75,2.56698729810778));
#2595=CARTESIAN_POINT('',(153.903795292754,29.,2.13397459621557));
#2596=CARTESIAN_POINT('',(156.1,29.,2.13397459621557));
#2597=CARTESIAN_POINT('Origin',(155.263082776354,28.152978249605,3.6010593030156));
#2598=CARTESIAN_POINT('Origin',(158.,29.,0.));
#2599=CARTESIAN_POINT('',(154.359737205584,29.,0.866025403784435));
#2600=CARTESIAN_POINT('',(156.1,29.,0.866025403784435));
#2601=CARTESIAN_POINT('',(154.29,29.,1.5));
#2602=CARTESIAN_POINT('',(154.393690840826,29.,0.557355992490861));
#2603=CARTESIAN_POINT('',(154.267338159612,29.,1.5));
#2604=CARTESIAN_POINT('',(156.133669079806,29.,1.5));
#2605=CARTESIAN_POINT('',(154.006975652841,29.,2.0447190785596));
#2606=CARTESIAN_POINT('Origin',(153.567338159612,29.,1.5));
#2607=CARTESIAN_POINT('Origin',(155.263082776354,29.,3.6010593030156));
#2608=CARTESIAN_POINT('Origin',(156.5,28.75,0.433012701892218));
#2609=CARTESIAN_POINT('',(154.4,28.7886751345948,0.5));
#2610=CARTESIAN_POINT('',(154.4,28.3020031754731,-0.34294055981797));
#2611=CARTESIAN_POINT('',(154.459958959027,28.4739722151907,-0.0450814456982584));
#2612=CARTESIAN_POINT('Origin',(154.4,20.5286548683762,0.));
#2613=CARTESIAN_POINT('',(154.4,21.1418519080567,0.800471885395984));
#2614=CARTESIAN_POINT('',(154.4,20.731583820661,0.264904933529212));
#2615=CARTESIAN_POINT('',(154.4,22.7,1.0268877044717));
#2616=CARTESIAN_POINT('',(154.4,22.7,0.));
#2617=CARTESIAN_POINT('',(154.399999999286,21.3,1.02688770264398));
#2618=CARTESIAN_POINT('',(154.4,27.1,1.0268877044717));
#2619=CARTESIAN_POINT('Ctrl Pts',(154.4,21.1418519080567,0.800471885395925));
#2620=CARTESIAN_POINT('Ctrl Pts',(154.4,21.1965512466779,0.871876800753719));
#2621=CARTESIAN_POINT('Ctrl Pts',(154.4,21.2524516369537,0.949656490699074));
#2622=CARTESIAN_POINT('Ctrl Pts',(154.4,21.3,1.0268877044717));
#2623=CARTESIAN_POINT('Origin',(154.978932312387,20.7,0.709457073614028));
#2624=CARTESIAN_POINT('',(155.069689497627,20.1,0.00236702067622984));
#2625=CARTESIAN_POINT('Origin',(153.848393039223,27.1,1.45785146260229));
#2626=CARTESIAN_POINT('',(154.195578802641,22.7,2.0656853590575));
#2627=CARTESIAN_POINT('Origin',(153.848393039223,22.7,1.45785146260229));
#2628=CARTESIAN_POINT('',(154.195578802641,21.3,2.0656853590575));
#2629=CARTESIAN_POINT('',(154.195578802641,59.5,2.0656853590575));
#2630=CARTESIAN_POINT('',(154.52815694455,21.3,1.62494734230645));
#2631=CARTESIAN_POINT('Ctrl Pts',(154.52815694455,21.3,1.62494734230645));
#2632=CARTESIAN_POINT('Ctrl Pts',(154.482997314318,21.3,1.8086615467723));
#2633=CARTESIAN_POINT('Ctrl Pts',(154.359554455864,21.3,1.97156936725658));
#2634=CARTESIAN_POINT('Ctrl Pts',(154.195564869655,21.3,2.0656610205427));
#2635=CARTESIAN_POINT('',(154.536108414527,21.3,1.32728514776329));
#2636=CARTESIAN_POINT('Origin',(153.848393039223,21.3,1.45785146260229));
#2637=CARTESIAN_POINT('Ctrl Pts',(154.399774821141,21.3,1.02706323796584));
#2638=CARTESIAN_POINT('Ctrl Pts',(154.46787621696,21.3,1.11462796989976));
#2639=CARTESIAN_POINT('Ctrl Pts',(154.515410992043,21.3,1.21826824176704));
#2640=CARTESIAN_POINT('Ctrl Pts',(154.536108414527,21.3,1.32728514776329));
#2641=CARTESIAN_POINT('Origin',(153.848393039223,20.7,1.45785146260229));
#2642=CARTESIAN_POINT('',(155.715049057905,20.1,1.10345717946785));
#2643=CARTESIAN_POINT('',(154.52815694455,21.3,1.62494734230645));
#2644=CARTESIAN_POINT('Origin',(155.529456478257,20.7,2.0489547658793));
#2645=CARTESIAN_POINT('',(154.171679473195,21.2992640808298,2.07955614331868));
#2646=CARTESIAN_POINT('Origin',(155.187538126692,19.3021000315692,3.80235363464384));
#2647=CARTESIAN_POINT('',(154.171339954872,21.3,2.07890322346651));
#2648=CARTESIAN_POINT('Ctrl Pts',(154.171339954872,21.3,2.07890322346654));
#2649=CARTESIAN_POINT('Ctrl Pts',(154.347354605204,21.3,1.9873756052939));
#2650=CARTESIAN_POINT('Ctrl Pts',(154.480799663416,21.3,1.81760182562685));
#2651=CARTESIAN_POINT('Ctrl Pts',(154.52815694455,21.3,1.62494734230645));
#2652=CARTESIAN_POINT('Ctrl Pts',(154.355881049529,20.9,2.4337899439604));
#2653=CARTESIAN_POINT('Ctrl Pts',(154.632475500051,20.9,2.28996082968911));
#2654=CARTESIAN_POINT('Ctrl Pts',(154.842174877241,20.9,2.02317346164089));
#2655=CARTESIAN_POINT('Ctrl Pts',(154.91659346188,20.9,1.7204307021374));
#2656=CARTESIAN_POINT('Ctrl Pts',(154.540422144186,20.5,2.78867666445425));
#2657=CARTESIAN_POINT('Ctrl Pts',(154.917596394897,20.5,2.59254605408432));
#2658=CARTESIAN_POINT('Ctrl Pts',(155.203550091065,20.5,2.22874509765493));
#2659=CARTESIAN_POINT('Ctrl Pts',(155.30502997921,20.5,1.81591406196835));
#2660=CARTESIAN_POINT('Ctrl Pts',(154.724963238842,20.1,3.14356338494811));
#2661=CARTESIAN_POINT('Ctrl Pts',(155.202717289744,20.1,2.89513127847953));
#2662=CARTESIAN_POINT('Ctrl Pts',(155.56492530489,20.1,2.43431673366897));
#2663=CARTESIAN_POINT('Ctrl Pts',(155.69346649654,20.1,1.9113974217993));
#2664=CARTESIAN_POINT('Ctrl Pts',(154.195557151002,21.3,2.06566544917568));
#2665=CARTESIAN_POINT('Ctrl Pts',(154.187566032439,21.3,2.07025034072648));
#2666=CARTESIAN_POINT('Ctrl Pts',(154.179609226993,21.2997541425732,2.07488031284149));
#2667=CARTESIAN_POINT('Ctrl Pts',(154.171679473195,21.2992640808298,2.07955614331872));
#2668=CARTESIAN_POINT('Origin',(155.187538126692,59.5,3.80235363464384));
#2669=CARTESIAN_POINT('Origin',(155.187538126692,22.7,3.80235363464384));
#2670=CARTESIAN_POINT('Origin',(155.,27.8,0.));
#2671=CARTESIAN_POINT('',(154.006975652841,27.8,2.0447190785596));
#2672=CARTESIAN_POINT('Origin',(155.263082776354,27.8,3.6010593030156));
#2673=CARTESIAN_POINT('',(154.267338159612,27.8,1.5));
#2674=CARTESIAN_POINT('Origin',(153.567338159612,27.8,1.5));
#2675=CARTESIAN_POINT('',(154.29,27.8,1.5));
#2676=CARTESIAN_POINT('',(154.438884507554,27.8,1.5));
#2677=CARTESIAN_POINT('',(154.4,27.8,0.5));
#2678=CARTESIAN_POINT('',(154.403257830254,27.8,0.470383361327932));
#2679=CARTESIAN_POINT('',(154.4,27.8,0.));
#2680=CARTESIAN_POINT('Origin',(154.85,23.15,2.35));
#2681=CARTESIAN_POINT('',(153.816890766857,29.6,2.8872168012346));
#2682=CARTESIAN_POINT('',(153.816890766857,30.4,2.8872168012346));
#2683=CARTESIAN_POINT('',(154.975853674082,29.6,2.28455608947741));
#2684=CARTESIAN_POINT('Origin',(153.355538030215,19.325,2.));
#2685=CARTESIAN_POINT('Origin',(153.355538030215,29.6,2.));
#2686=CARTESIAN_POINT('Origin',(155.263082776354,40.5,3.6010593030156));
#2687=CARTESIAN_POINT('',(154.006975652841,40.5,2.0447190785596));
#2688=CARTESIAN_POINT('Origin',(153.567338159612,19.85,1.5));
#2689=CARTESIAN_POINT('',(154.267338159612,19.85,1.5));
#2690=CARTESIAN_POINT('Origin',(153.877769015107,26.425,1.5));
#2691=CARTESIAN_POINT('',(154.29,25.7375,1.5));
#2692=CARTESIAN_POINT('Origin',(154.4,25.05,0.));
#2693=CARTESIAN_POINT('',(154.4,25.7375,0.5));
#2694=CARTESIAN_POINT('Origin',(154.345,25.7375,1.));
#2695=CARTESIAN_POINT('Origin',(155.263082776354,25.05,3.6010593030156));
#2696=CARTESIAN_POINT('',(154.006975652841,29.6,2.0447190785596));
#2697=CARTESIAN_POINT('Origin',(155.263082776354,29.6,3.6010593030156));
#2698=CARTESIAN_POINT('',(154.006975652841,25.05,2.0447190785596));
#2699=CARTESIAN_POINT('Origin',(153.567338159612,25.05,1.5));
#2700=CARTESIAN_POINT('',(154.267338159612,29.6,1.5));
#2701=CARTESIAN_POINT('Origin',(153.567338159612,29.6,1.5));
#2702=CARTESIAN_POINT('',(154.267338159612,25.05,1.5));
#2703=CARTESIAN_POINT('Origin',(154.267338159612,25.05,1.5));
#2704=CARTESIAN_POINT('',(154.29,29.6,1.5));
#2705=CARTESIAN_POINT('',(154.49755358736,29.6,1.5));
#2706=CARTESIAN_POINT('',(154.29,25.05,1.5));
#2707=CARTESIAN_POINT('Origin',(154.29,25.05,1.5));
#2708=CARTESIAN_POINT('',(154.4,29.6,0.5));
#2709=CARTESIAN_POINT('',(154.292616838792,29.6,1.47621055643622));
#2710=CARTESIAN_POINT('',(154.4,25.05,0.5));
#2711=CARTESIAN_POINT('Origin',(154.4,25.05,0.5));
#2712=CARTESIAN_POINT('',(154.4,29.6,1.));
#2713=CARTESIAN_POINT('Ctrl Pts',(154.536108414527,21.3,1.32728514776329));
#2714=CARTESIAN_POINT('Ctrl Pts',(154.506293924101,21.3,1.17024706716959));
#2715=CARTESIAN_POINT('Ctrl Pts',(154.420791394704,21.3,1.02436560904057));
#2716=CARTESIAN_POINT('Ctrl Pts',(154.298344366003,21.3,0.921620352418985));
#2717=CARTESIAN_POINT('Ctrl Pts',(154.929088628986,20.9,1.25267582499814));
#2718=CARTESIAN_POINT('Ctrl Pts',(154.882237286889,20.9,1.0059016983509));
#2719=CARTESIAN_POINT('Ctrl Pts',(154.747876169265,20.9,0.7766594070053));
#2720=CARTESIAN_POINT('Ctrl Pts',(154.555459409878,20.9,0.615202575171382));
#2721=CARTESIAN_POINT('Ctrl Pts',(155.322068843445,20.5,1.178066502233));
#2722=CARTESIAN_POINT('Ctrl Pts',(155.258180649676,20.5,0.84155632953221));
#2723=CARTESIAN_POINT('Ctrl Pts',(155.074960943826,20.5,0.528953204970031));
#2724=CARTESIAN_POINT('Ctrl Pts',(154.812574453752,20.5,0.308784797923779));
#2725=CARTESIAN_POINT('Ctrl Pts',(155.715049057905,20.1,1.10345717946785));
#2726=CARTESIAN_POINT('Ctrl Pts',(155.634124012464,20.1,0.677210960713523));
#2727=CARTESIAN_POINT('Ctrl Pts',(155.402045718386,20.1,0.281247002934762));
#2728=CARTESIAN_POINT('Ctrl Pts',(155.069689497627,20.1,0.00236702067617644));
#2729=CARTESIAN_POINT('Origin',(155.,22.7,0.));
#2730=CARTESIAN_POINT('Origin',(154.727769015107,29.6,1.5));
#2731=UNCERTAINTY_MEASURE_WITH_UNIT(LENGTH_MEASURE(0.01),#2735,
'DISTANCE_ACCURACY_VALUE',
'Maximum model space distance between geometric entities at asserted c
onnectivities');
#2732=UNCERTAINTY_MEASURE_WITH_UNIT(LENGTH_MEASURE(0.01),#2735,
'DISTANCE_ACCURACY_VALUE',
'Maximum model space distance between geometric entities at asserted c
onnectivities');
#2733=(
GEOMETRIC_REPRESENTATION_CONTEXT(3)
GLOBAL_UNCERTAINTY_ASSIGNED_CONTEXT((#2731))
GLOBAL_UNIT_ASSIGNED_CONTEXT((#2735,#2737,#2738))
REPRESENTATION_CONTEXT('','3D')
);
#2734=(
GEOMETRIC_REPRESENTATION_CONTEXT(3)
GLOBAL_UNCERTAINTY_ASSIGNED_CONTEXT((#2732))
GLOBAL_UNIT_ASSIGNED_CONTEXT((#2735,#2737,#2738))
REPRESENTATION_CONTEXT('','3D')
);
#2735=(
LENGTH_UNIT()
NAMED_UNIT(*)
SI_UNIT(.MILLI.,.METRE.)
);
#2736=(
LENGTH_UNIT()
NAMED_UNIT(*)
SI_UNIT($,.METRE.)
);
#2737=(
NAMED_UNIT(*)
PLANE_ANGLE_UNIT()
SI_UNIT($,.RADIAN.)
);
#2738=(
NAMED_UNIT(*)
SI_UNIT($,.STERADIAN.)
SOLID_ANGLE_UNIT()
);
#2739=SHAPE_DEFINITION_REPRESENTATION(#2740,#2741);
#2740=PRODUCT_DEFINITION_SHAPE('',$,#2743);
#2741=SHAPE_REPRESENTATION('',(#1506),#2733);
#2742=PRODUCT_DEFINITION_CONTEXT('part definition',#2747,'design');
#2743=PRODUCT_DEFINITION('\X2\53616263\X0\-4cm-\X2\580653E0\X0\',
'\X2\53616263\X0\-4cm-\X2\580653E0\X0\ v4',#2744,#2742);
#2744=PRODUCT_DEFINITION_FORMATION('',$,#2749);
#2745=PRODUCT_RELATED_PRODUCT_CATEGORY('\X2\53616263\X0\-4cm-\X2\580653E0\X0\ 
v4','\X2\53616263\X0\-4cm-\X2\580653E0\X0\ v4',(#2749));
#2746=APPLICATION_PROTOCOL_DEFINITION('international standard',
'automotive_design',2009,#2747);
#2747=APPLICATION_CONTEXT(
'Core Data for Automotive Mechanical Design Process');
#2748=PRODUCT_CONTEXT('part definition',#2747,'mechanical');
#2749=PRODUCT('\X2\53616263\X0\-4cm-\X2\580653E0\X0\',
'\X2\53616263\X0\-4cm-\X2\580653E0\X0\ v4',$,(#2748));
#2750=PRESENTATION_STYLE_ASSIGNMENT((#2751));
#2751=SURFACE_STYLE_USAGE(.BOTH.,#2752);
#2752=SURFACE_SIDE_STYLE('',(#2753));
#2753=SURFACE_STYLE_FILL_AREA(#2754);
#2754=FILL_AREA_STYLE('\X2\94A2\X0\ - \X2\7F0E5149\X0\',(#2755));
#2755=FILL_AREA_STYLE_COLOUR('\X2\94A2\X0\ - \X2\7F0E5149\X0\',#2756);
#2756=COLOUR_RGB('\X2\94A2\X0\ - \X2\7F0E5149\X0\',0.627450980392157,0.627450980392157,
0.627450980392157);
ENDSEC;
END-ISO-10303-21;
